"DAC","PI.Request.to.SO.Approval_Min","PI.Request.to.SO.Approval_Max","PI.Request.to.SO.Approval_Average","SO.Approval.to.DAC.Claim_Min","SO.Approval.to.DAC.Claim_Max","SO.Approval.to.DAC.Claim_Average","DAC.Claim.to.DAC.Approval_Min","DAC.Claim.to.DAC.Approval_Max","DAC.Claim.to.DAC.Approval_Average","DAC.Claim.to.DAC.Reject_Min","DAC.Claim.to.DAC.Reject_Max","DAC.Claim.to.DAC.Reject_Average","DAC.Claim.to.DAC.Revision_Min","DAC.Claim.to.DAC.Revision_Max","DAC.Claim.to.DAC.Revision_Average","Total.Time.for.DAC.Processing_Min","Total.Time.for.DAC.Processing_Max","Total.Time.for.DAC.Processing_Average","Date"
"JAAMH",0,8.2,2.4,1.8,2.2,2,26.9,26.9,26.9,NA,NA,NA,4.2,4.2,4.2,6,29.1,19.8,"10/16/2019"
"NCI DAC",0,36.2,7,0.3,4.2,1.3,0,2.8,0.4,0,0,0,NA,NA,NA,0.4,7,1.6,"10/16/2019"
"NEI",0.7,0.7,0.7,NA,NA,NA,NA,NA,NA,NA,NA,NA,NA,NA,NA,NA,NA,NA,"10/16/2019"
"NHGRI",0,33,11.6,12,16.1,13.1,0,5.3,0.9,0,0,0,NA,NA,NA,12,21.4,13.8,"10/16/2019"
"NHLBI",0.7,14.2,13.8,0.8,0.8,0.8,NA,NA,NA,0,0,0,NA,NA,NA,0.8,0.8,0.8,"10/16/2019"
"NINDS",13.7,13.7,13.7,2,2,2,0,10,5,NA,NA,NA,NA,NA,NA,2,12.1,7.1,"10/16/2019"
"All DACs",0,36.2,10.6,0.3,16.1,4.4,0,26.9,6,0,0,0,4.2,4.2,4.2,0.4,29.1,9.7,"10/16/2019"
"JAAMH",0,3,0.4,1,1.1,1.1,26.9,26.9,26.9,4.2,4.2,4.2,4.2,4.2,4.2,5.2,28,22.3,"10/17/2019"
"NCI DAC",0,7.6,3,0,3,0.7,0,6,2.3,0,0,0,NA,NA,NA,0,6.4,2.8,"10/17/2019"
"NHGRI",15.8,15.8,15.8,12.1,12.1,12.1,NA,NA,NA,0,0,0,NA,NA,NA,12.1,12.1,12.1,"10/17/2019"
"NHLBI",0.2,4,3.1,20.1,20.1,20.1,19.9,19.9,19.9,NA,NA,NA,NA,NA,NA,40,40,40,"10/17/2019"
"NIAMS",0,0,0,0.2,0.2,0.2,0.1,0.1,0.1,NA,NA,NA,NA,NA,NA,0.3,0.3,0.3,"10/17/2019"
"NICHD",0.7,0.7,0.7,5.8,5.8,5.8,42,42,42,NA,NA,NA,NA,NA,NA,47.8,47.8,47.8,"10/17/2019"
"NIDCR",0,0,0,6.2,6.2,6.2,13.8,13.8,13.8,NA,NA,NA,NA,NA,NA,20,20,20,"10/17/2019"
"All DACs",0,15.8,2.4,0,20.1,4.6,0,42,19.4,0,4.2,2.5,4.2,4.2,4.2,0,47.8,20.7,"10/17/2019"
"CDAC",0,0.1,0,13.9,14.2,14,0,0,0,NA,NA,NA,NA,NA,NA,13.9,14.2,14,"10/18/2019"
"JAAMH",1.4,1.4,1.4,0.2,0.2,0.2,26.9,26.9,26.9,NA,NA,NA,NA,NA,NA,27,27,27,"10/18/2019"
"NCI DAC",0,35.8,1.3,0,2.8,1.5,0,0.1,0,0,2.8,0.9,NA,NA,NA,0,5.2,1.6,"10/18/2019"
"NHGRI",0,2.9,1.3,9.8,11.1,10.8,0,0,0,0,9.1,2.6,NA,NA,NA,9.8,20.2,11.6,"10/18/2019"
"NHLBI",0.2,0.8,0.2,20.2,28,26.8,0,14.8,14.2,NA,NA,NA,NA,NA,NA,20.2,41.7,41,"10/18/2019"
"NIAMS",1.4,1.4,1.4,3.1,3.1,3.1,7.9,7.9,7.9,NA,NA,NA,NA,NA,NA,11,11,11,"10/18/2019"
"NICHD",57.9,57.9,57.9,5,5,5,0,0,0,NA,NA,NA,NA,NA,NA,5,5,5,"10/18/2019"
"NIDDK",1.4,1.4,1.4,14.1,14.1,14.1,23.3,23.3,23.3,NA,NA,NA,NA,NA,NA,37.4,37.4,37.4,"10/18/2019"
"NIGMS",0,2.9,1.5,6.7,6.8,6.8,0.2,0.2,0.2,NA,NA,NA,NA,NA,NA,6.9,7,6.9,"10/18/2019"
"NINDS",1.4,1.4,1.4,0,0,0,0,0,0,NA,NA,NA,NA,NA,NA,0,0,0,"10/18/2019"
"All DACs",0,57.9,1.5,0,28,11.2,0,26.9,5.6,0,9.1,2,NA,NA,NA,0,41.7,16.5,"10/18/2019"
"NCI DAC",1.2,5.1,3.2,1.1,2.2,1.7,0,0.8,0.3,0.8,0.8,0.8,NA,NA,NA,1.8,3,2.1,"10/19/2019"
"All DACs",1.2,5.1,3.2,1.1,2.2,1.7,0,0.8,0.3,0.8,0.8,0.8,NA,NA,NA,1.8,3,2.1,"10/19/2019"
"NCI DAC",0.4,5.5,4.9,0.7,6.3,5.3,0,4.3,1.3,0,2.5,1.2,NA,NA,NA,0.7,10.6,6.5,"10/20/2019"
"NHGRI",0,2.9,0.9,8.8,11.5,10.8,0,5.3,4,NA,NA,NA,NA,NA,NA,8.8,16.8,14.8,"10/20/2019"
"NHLBI",0,0,0,25.8,25.8,25.8,NA,NA,NA,13.8,13.8,13.8,NA,NA,NA,39.5,39.5,39.5,"10/20/2019"
"NIDCR",5.4,5.4,5.4,2.7,2.7,2.7,19.9,19.9,19.9,NA,NA,NA,NA,NA,NA,22.6,22.6,22.6,"10/20/2019"
"All DACs",0,5.5,4.5,0.7,25.8,5.8,0,19.9,2,0,13.8,5.4,NA,NA,NA,0.7,39.5,8,"10/20/2019"
"ES DAC",0,0,0,2.8,2.8,2.8,NA,NA,NA,NA,NA,NA,NA,NA,NA,NA,NA,NA,"10/21/2019"
"JAAMH",0,12,3.3,1,1.7,1.3,22.8,22.8,22.8,NA,NA,NA,0.1,0.2,0.2,1.6,24.5,21.2,"10/21/2019"
"NCI DAC",0,61.2,2.6,0.1,5.5,1.8,0,4.3,0.1,0,0,0,NA,NA,NA,0.2,9.8,1.9,"10/21/2019"
"NEI",0.1,12,6.1,6.7,7.4,7,4.3,8.1,6.2,NA,NA,NA,NA,NA,NA,11,15.5,13.2,"10/21/2019"
"NHGRI",0.1,12,5.2,8.7,11.4,9.1,0,5.3,0.1,0,0,0,NA,NA,NA,8.7,16.7,9.2,"10/21/2019"
"NHLBI",0,12,3.3,0.1,44.1,6.3,0,14.2,1.9,0,13.8,12.7,NA,NA,NA,0.1,58.3,9.2,"10/21/2019"
"NIAID",0.5,0.5,0.5,3.2,3.2,3.2,46,46,46,NA,NA,NA,NA,NA,NA,49.2,49.2,49.2,"10/21/2019"
"NIAMS",12,12,12,13.7,13.7,13.7,1.1,1.1,1.1,NA,NA,NA,NA,NA,NA,14.8,14.8,14.8,"10/21/2019"
"NICHD",0.1,0.9,0.5,2,2.1,2,0,42,14,NA,NA,NA,NA,NA,NA,2.1,44,16,"10/21/2019"
"NIDCR",12,12,12,1.9,1.9,1.9,13.8,13.8,13.8,NA,NA,NA,NA,NA,NA,15.7,15.7,15.7,"10/21/2019"
"NIDDK",0,12,7.2,10.9,34.6,24.7,0,30.8,11.6,NA,NA,NA,NA,NA,NA,34.2,42,36.3,"10/21/2019"
"NIGMS",0.5,0.5,0.5,4.1,4.1,4.1,0.2,0.2,0.2,NA,NA,NA,NA,NA,NA,4.2,4.2,4.2,"10/21/2019"
"NINDS",0.1,12,8.1,2.9,3.5,3.1,0,0,0,NA,NA,NA,NA,NA,NA,2.9,3.5,3.1,"10/21/2019"
"All DACs",0,61.2,3.7,0.1,44.1,5.9,0,46,4.2,0,13.8,8.5,0.1,0.2,0.2,0.1,58.3,10.4,"10/21/2019"
"JAAMH",89.2,89.2,89.2,0.2,0.2,0.2,22.8,22.8,22.8,NA,NA,NA,NA,NA,NA,23,23,23,"10/22/2019"
"NCI DAC",0,12,1.7,0,4.6,1.2,0,8.9,0.5,NA,NA,NA,NA,NA,NA,0,9.2,1.7,"10/22/2019"
"NHGRI",0,12,1.2,8.1,9.9,8.3,0,5.3,0.5,0,0,0,NA,NA,NA,8.1,15.2,8.6,"10/22/2019"
"NHLBI",0.5,11.2,4.9,28,43.1,38,14.2,26,20.1,0,0,0,NA,NA,NA,28,69.2,51.4,"10/22/2019"
"NIDCR",0,0.8,0.4,0.7,1.2,1,19.9,19.9,19.9,NA,NA,NA,NA,NA,NA,20.5,20.5,20.5,"10/22/2019"
"NIDDK",2,2,2,33,33,33,NA,NA,NA,0,0,0,NA,NA,NA,33,33,33,"10/22/2019"
"NIGMS",0,0.5,0.2,3,3,3,0.2,0.2,0.2,NA,NA,NA,NA,NA,NA,3.1,3.2,3.2,"10/22/2019"
"All DACs",0,89.2,2.3,0,43.1,5.1,0,26,1.2,0,0,0,NA,NA,NA,0,69.2,6.2,"10/22/2019"
"JAAMH",0.8,5,1.4,5.1,6,5.8,72,72,72,NA,NA,NA,0.1,0.1,0.1,6,77,16.2,"10/23/2019"
"Kids First DAC",2,2,2,0.2,0.2,0.2,0,0,0,NA,NA,NA,NA,NA,NA,0.2,0.2,0.2,"10/23/2019"
"NCI DAC",0,19,2.5,0,3.8,0.6,0,4.3,0.4,0,0,0,NA,NA,NA,0,8.1,0.9,"10/23/2019"
"NEI",1.7,1.7,1.7,NA,NA,NA,NA,NA,NA,NA,NA,NA,NA,NA,NA,NA,NA,NA,"10/23/2019"
"NHGRI",0,8.2,1.4,7.5,8.8,7.9,0,6.2,1.4,0,0,0,NA,NA,NA,7.5,14,9.1,"10/23/2019"
"NHLBI",0,5,3.8,41.8,42,42,14.2,26.3,15.7,NA,NA,NA,NA,NA,NA,56.2,68,57.6,"10/23/2019"
"NIAMS",1.7,1.7,1.7,NA,NA,NA,NA,NA,NA,NA,NA,NA,NA,NA,NA,NA,NA,NA,"10/23/2019"
"NICHD",1.7,1.7,1.7,0.1,0.1,0.1,NA,NA,NA,NA,NA,NA,NA,NA,NA,NA,NA,NA,"10/23/2019"
"NIDDK",1,1,1,32,32,32,7.6,7.6,7.6,NA,NA,NA,NA,NA,NA,39.6,39.6,39.6,"10/23/2019"
"NIGMS",1.7,1.7,1.7,NA,NA,NA,NA,NA,NA,NA,NA,NA,NA,NA,NA,NA,NA,NA,"10/23/2019"
"NINDS",1.7,5,2,1.1,1.1,1.1,0,0,0,NA,NA,NA,NA,NA,NA,1.1,1.1,1.1,"10/23/2019"
"All DACs",0,19,2.4,0,42,11,0,72,5.8,0,0,0,0.1,0.1,0.1,0,77,15.6,"10/23/2019"
"JAAMH",0,0.4,0.2,4.7,4.9,4.8,NA,NA,NA,0.1,0.1,0.1,0.1,0.1,0.1,4.8,5,4.8,"10/24/2019"
"NCI DAC",0,21.2,2,0,4.8,1,0,4.3,0.2,0,0.1,0.1,NA,NA,NA,0,7.1,1.2,"10/24/2019"
"NHGRI",0,6.2,1.5,6.7,7.4,7,0,0,0,0,0,0,NA,NA,NA,6.7,7.4,7,"10/24/2019"
"NHLBI",0,14,1.7,1,41.2,5.3,0,26,2.4,0,0,0,NA,NA,NA,1,67,7.5,"10/24/2019"
"NIGMS",0,1.8,1.2,0.7,1.1,0.8,0.2,0.2,0.2,NA,NA,NA,NA,NA,NA,0.9,1.3,1,"10/24/2019"
"All DACs",0,21.2,1.6,0,41.2,4,0,26,1.2,0,0.1,0.1,0.1,0.1,0.1,0,67,5,"10/24/2019"
"JAAMH",21,21,21,4,4,4,16,16,16,NA,NA,NA,NA,NA,NA,20.1,20.1,20.1,"10/25/2019"
"NCI DAC",0,16,4.2,0,3.6,0.8,0,4.3,1.5,0,0.2,0.2,NA,NA,NA,0,6,1.6,"10/25/2019"
"NHGRI",2.8,21,8.9,7,7.1,7,0,5.3,3.5,NA,NA,NA,NA,NA,NA,7.1,12.3,10.6,"10/25/2019"
"NHLBI",0.1,2.4,2.3,0.1,27.1,9.1,0,0,0,0,0,0,NA,NA,NA,0.1,27.1,9.1,"10/25/2019"
"NIAMS",21,21,21,10,10,10,1,1,1,NA,NA,NA,NA,NA,NA,11,11,11,"10/25/2019"
"All DACs",0,21,3.6,0,27.1,3.7,0,16,2.3,0,0.2,0.1,NA,NA,NA,0,27.1,5.2,"10/25/2019"
"NHGRI",25.9,25.9,25.9,5.8,5.8,5.8,5.3,5.3,5.3,NA,NA,NA,NA,NA,NA,11.1,11.1,11.1,"10/26/2019"
"All DACs",25.9,25.9,25.9,5.8,5.8,5.8,5.3,5.3,5.3,NA,NA,NA,NA,NA,NA,11.1,11.1,11.1,"10/26/2019"
"JAAMH",9.8,9.8,9.8,0.6,1.5,1.5,28.2,72,31.9,NA,NA,NA,NA,NA,NA,29.8,72.6,33.4,"10/27/2019"
"Kids First DAC",1.9,1.9,1.9,2.2,2.2,2.2,NA,NA,NA,2.2,2.2,2.2,NA,NA,NA,4.4,4.4,4.4,"10/27/2019"
"NCI DAC",1.6,9.8,5,0.1,6.5,2,0,0.1,0.1,0,4.3,2.2,NA,NA,NA,0.1,10.8,2.9,"10/27/2019"
"NEI",9.8,9.8,9.8,0.5,0.5,0.5,4.3,4.3,4.3,4.3,4.3,4.3,NA,NA,NA,4.8,4.8,4.8,"10/27/2019"
"NHGRI",2.7,9.8,6.2,10.8,10.8,10.8,11.7,11.7,11.7,NA,NA,NA,NA,NA,NA,22.5,22.5,22.5,"10/27/2019"
"NHLBI",3.2,9.8,6.2,24.8,37.8,31.8,0.1,0.1,0.1,0,0,0,NA,NA,NA,24.8,37.9,31.9,"10/27/2019"
"NIAID",9.8,9.8,9.8,29.5,29.5,29.5,38,38,38,NA,NA,NA,NA,NA,NA,67.6,67.6,67.6,"10/27/2019"
"NIAMS",9.8,9.8,9.8,7.5,7.5,7.5,1,1,1,NA,NA,NA,NA,NA,NA,8.5,8.5,8.5,"10/27/2019"
"NICHD",9.8,9.8,9.8,7.7,7.7,7.7,0,0,0,NA,NA,NA,NA,NA,NA,7.7,7.7,7.7,"10/27/2019"
"NINDS",9.8,9.8,9.8,2.7,2.7,2.7,0,0,0,NA,NA,NA,NA,NA,NA,2.7,2.7,2.7,"10/27/2019"
"All DACs",1.6,9.8,7.4,0.1,37.8,13.8,0,72,9.5,0,4.3,1,NA,NA,NA,0.1,72.6,20.9,"10/27/2019"
"CDAC",15.9,15.9,15.9,11.5,11.5,11.5,0,0,0,NA,NA,NA,NA,NA,NA,11.5,11.5,11.5,"10/28/2019"
"JAAMH",0.1,5,2.9,0.8,1.1,1,16,16,16,NA,NA,NA,0.2,0.2,0.2,1.2,16.9,7.1,"10/28/2019"
"NCI DAC",0,15.9,5.4,0.9,6.3,1.4,0,1.4,0.3,0,1.4,0.5,NA,NA,NA,0.9,6.8,1.8,"10/28/2019"
"NHGRI",0,5,2.5,3.8,4.2,4,0,0,0,NA,NA,NA,NA,NA,NA,3.8,4.2,4,"10/28/2019"
"NHLBI",3.2,11,5.9,25,37.2,27.9,14.2,26,20.1,0,0.9,0.2,NA,NA,NA,25,63.2,28.9,"10/28/2019"
"NIDCR",5,5,5,0.8,0.8,0.8,8,8,8,NA,NA,NA,NA,NA,NA,8.8,8.8,8.8,"10/28/2019"
"NIDDK",3.2,5.8,5.2,27.2,27.2,27.2,11.6,11.6,11.6,NA,NA,NA,NA,NA,NA,38.8,38.8,38.8,"10/28/2019"
"NIGMS",0.6,0.6,0.6,52.7,52.7,52.7,5.9,5.9,5.9,NA,NA,NA,NA,NA,NA,58.6,58.6,58.6,"10/28/2019"
"NINDS",0,0,0,1.8,1.8,1.8,22.8,22.8,22.8,NA,NA,NA,NA,NA,NA,24.6,24.6,24.6,"10/28/2019"
"All DACs",0,15.9,5,0.8,52.7,15.3,0,26,3.9,0,1.4,0.2,0.2,0.2,0.2,0.9,63.2,16.1,"10/28/2019"
"JAAMH",3.9,3.9,3.9,0,0,0,15.8,15.8,15.8,NA,NA,NA,NA,NA,NA,15.8,15.8,15.8,"10/29/2019"
"Kids First DAC",0.8,0.8,0.8,1,1,1,0.5,0.5,0.5,NA,NA,NA,NA,NA,NA,1.5,1.5,1.5,"10/29/2019"
"NCI DAC",0,5.8,3.8,0.2,1.9,0.8,0,1.3,0.1,0,0,0,NA,NA,NA,0.2,1.9,0.9,"10/29/2019"
"NEI",5.1,5.1,5.1,7,7,7,80,80,80,NA,NA,NA,NA,NA,NA,87.1,87.1,87.1,"10/29/2019"
"NHGRI",0.1,11,1.4,2.6,9.1,3.4,0,11.7,2.9,0,0,0,NA,NA,NA,2.6,20.8,4.3,"10/29/2019"
"NHLBI",0,31.8,2.4,0.8,36.2,4.4,0,92,1.1,0,26,5.2,NA,NA,NA,0.9,127.8,5,"10/29/2019"
"NIAMS",5.1,5.1,5.1,6,6,6,7.3,7.3,7.3,NA,NA,NA,NA,NA,NA,13.3,13.3,13.3,"10/29/2019"
"NICHD",5.1,5.1,5.1,6.2,6.2,6.2,29.8,29.8,29.8,NA,NA,NA,NA,NA,NA,36,36,36,"10/29/2019"
"NIDCR",0.2,0.2,0.2,2.9,2.9,2.9,NA,NA,NA,4.8,4.8,4.8,NA,NA,NA,7.7,7.7,7.7,"10/29/2019"
"NIDDK",0,0,0,NA,NA,NA,NA,NA,NA,NA,NA,NA,NA,NA,NA,NA,NA,NA,"10/29/2019"
"NIGMS",0,5.1,2.6,51.9,52.1,52,5.9,5.9,5.9,NA,NA,NA,5.9,5.9,5.9,57.8,58,57.9,"10/29/2019"
"NINDS",5.1,5.1,5.1,1.2,1.2,1.2,0,33,15.2,NA,NA,NA,NA,NA,NA,1.2,34.1,16.4,"10/29/2019"
"All DACs",0,31.8,2.9,0,52.1,3.7,0,92,2.8,0,26,2.7,5.9,5.9,5.9,0.2,127.8,6,"10/29/2019"
"CDAC",5.2,5.2,5.2,9,9,9,0,0,0,NA,NA,NA,NA,NA,NA,9,9,9,"10/30/2019"
"JAAMH",0,5.2,4.6,5.5,6,5.9,9,9,9,NA,NA,NA,NA,NA,NA,14.5,14.9,14.8,"10/30/2019"
"NCI DAC",0,16.2,1.9,0,1.5,0.8,0,0.5,0.1,0,0.1,0,NA,NA,NA,0,1.5,0.9,"10/30/2019"
"NHGRI",0,21.7,3.6,2.2,14.9,5.2,0,11.7,2,0,5.9,1.1,NA,NA,NA,4.6,20,7.4,"10/30/2019"
"NHLBI",5.2,5.2,5.2,35,35,35,1,1,1,NA,NA,NA,NA,NA,NA,36,36,36,"10/30/2019"
"NIAMS",1.7,1.7,1.7,5.2,5.2,5.2,NA,NA,NA,1,1,1,NA,NA,NA,6.2,6.2,6.2,"10/30/2019"
"NICHD",5.2,5.2,5.2,5,5,5,0,0,0,NA,NA,NA,NA,NA,NA,5,5,5,"10/30/2019"
"NIDCR",0,1.7,0.8,1.9,2.3,2.1,4.9,4.9,4.9,4.9,4.9,4.9,NA,NA,NA,6.8,7.2,7,"10/30/2019"
"NIDDK",0,1.7,0.8,25.3,25.3,25.3,11.6,11.6,11.6,NA,NA,NA,NA,NA,NA,37,37,37,"10/30/2019"
"NIGMS",0,0,0,50.9,50.9,50.9,5.9,5.9,5.9,NA,NA,NA,NA,NA,NA,56.8,56.8,56.8,"10/30/2019"
"NINDS",0,0,0,0.1,0.1,0.1,0,22.8,5.7,0,0,0,NA,NA,NA,0.1,22.8,4.7,"10/30/2019"
"All DACs",0,21.7,3.3,0,50.9,5.9,0,22.8,4.5,0,5.9,0.9,NA,NA,NA,0,56.8,9.9,"10/30/2019"
"JAAMH",0,0.8,0.2,4.6,5,4.8,9,9,9,NA,NA,NA,0.2,0.2,0.2,4.8,14,13,"10/31/2019"
"NCI DAC",0,29,13.4,0,1,0.5,0,1.9,0.8,NA,NA,NA,NA,NA,NA,0,2.6,1.2,"10/31/2019"
"NEI",2.2,22.1,8.8,50.2,50.3,50.2,0,0,0,NA,NA,NA,NA,NA,NA,50.2,50.3,50.2,"10/31/2019"
"NHGRI",0,21,6,4,4.2,4.1,0,0,0,0,0,0,NA,NA,NA,4,4.2,4.1,"10/31/2019"
"NHLBI",0,10.6,0.8,0,34,2.3,0,26,1.3,NA,NA,NA,NA,NA,NA,0,60,3.7,"10/31/2019"
"NICHD",0.1,0.1,0.1,4.2,4.2,4.2,29.8,29.8,29.8,NA,NA,NA,NA,NA,NA,34,34,34,"10/31/2019"
"NIGMS",0,0,0,49.8,49.8,49.8,NA,NA,NA,NA,NA,NA,NA,NA,NA,NA,NA,NA,"10/31/2019"
"NINDS",0.2,0.2,0.2,3.8,3.8,3.8,60,60,60,NA,NA,NA,NA,NA,NA,63.8,63.8,63.8,"10/31/2019"
"All DACs",0,29,3.3,0,50.3,5.9,0,60,2.8,0,0,0,0.2,0.2,0.2,0,63.8,8.2,"10/31/2019"
"CDAC",267.8,267.8,267.8,7,7,7,0,0,0,NA,NA,NA,NA,NA,NA,7,7,7,"11/01/2019"
"ES DAC",0,0,0,6.9,6.9,6.9,0,0,0,NA,NA,NA,NA,NA,NA,6.9,6.9,6.9,"11/01/2019"
"JAAMH",0,12.7,1.1,2.8,4.1,3.7,9,65,21.1,0.2,0.2,0.2,0.2,0.2,0.2,4,68.1,21.3,"11/01/2019"
"Kids First DAC",0,0,0,0.6,0.6,0.6,2.9,2.9,2.9,NA,NA,NA,NA,NA,NA,3.5,3.5,3.5,"11/01/2019"
"NCI DAC",0,267.8,114.7,0,7,0.7,0,3.9,0.7,0,2.2,0.2,NA,NA,NA,0.8,7,1.4,"11/01/2019"
"NEI",0.3,12.7,8.6,49,49.1,49.1,0,2.8,0.9,NA,NA,NA,NA,NA,NA,49,51.9,50,"11/01/2019"
"NHGRI",0,267.8,119,0.6,6.7,4,0,11.7,0.4,0,0,0,NA,NA,NA,1.3,18.4,4.4,"11/01/2019"
"NHLBI",0,267.8,22,28.1,39.7,32.8,19.2,26,25.6,0,25.9,4.3,NA,NA,NA,28.1,59.1,53.5,"11/01/2019"
"NIAMS",0,0,0,3,3,3,1,1,1,NA,NA,NA,NA,NA,NA,3.9,3.9,3.9,"11/01/2019"
"NICHD",0,14.4,7.5,2.9,3,2.9,0,0,0,NA,NA,NA,NA,NA,NA,2.9,3,2.9,"11/01/2019"
"NIDDK",0,0,0,23.2,23.5,23.3,11.6,11.6,11.6,NA,NA,NA,NA,NA,NA,34.8,35.1,34.9,"11/01/2019"
"NIGMS",0,267.8,162,48.9,49.2,49,6,6,6,NA,NA,NA,NA,NA,NA,54.8,55.1,55,"11/01/2019"
"NINDS",0,267.8,59.5,2.8,3.1,3,0,0,0,NA,NA,NA,0,0,0,2.8,3.1,3,"11/01/2019"
"All DACs",0,267.8,85,0,49.2,6.3,0,65,5.3,0,25.9,1.2,0,0.2,0.1,0.8,68.1,11.3,"11/01/2019"
"NCI DAC",1.2,1.2,1.2,0.8,0.8,0.8,NA,NA,NA,0,0,0,NA,NA,NA,0.8,0.8,0.8,"11/02/2019"
"NIDDK",0.5,0.5,0.5,22.8,22.8,22.8,11.8,11.8,11.8,NA,NA,NA,NA,NA,NA,34.5,34.5,34.5,"11/02/2019"
"All DACs",0.5,1.2,0.7,0.8,22.8,15.4,11.8,11.8,11.8,0,0,0,NA,NA,NA,0.8,34.5,23.3,"11/02/2019"
"JAAMH",19.8,19.8,19.8,1.8,1.8,1.8,9,9,9,NA,NA,NA,NA,NA,NA,10.7,10.7,10.7,"11/03/2019"
"NCI DAC",2.8,2.8,2.8,0.1,0.1,0.1,0,0,0,NA,NA,NA,NA,NA,NA,0.1,0.1,0.1,"11/03/2019"
"NHGRI",5.2,19.8,12.5,1.7,4,2.8,0,0,0,0,0,0,NA,NA,NA,1.7,4,2.8,"11/03/2019"
"NINDS",19.8,19.8,19.8,0.7,0.7,0.7,11,60,23.2,NA,NA,NA,NA,NA,NA,11.7,60.7,23.9,"11/03/2019"
"All DACs",2.8,19.8,15.7,0.1,4,1.3,0,60,11.7,0,0,0,NA,NA,NA,0.1,60.7,12,"11/03/2019"
"ES DAC",0.2,0.2,0.2,3.8,3.8,3.8,7.2,7.2,7.2,NA,NA,NA,NA,NA,NA,11,11,11,"11/04/2019"
"JAAMH",0.1,3.3,1.4,0.7,7,2.3,9,58,16,NA,NA,NA,0,0.2,0.1,1.3,65,16.3,"11/04/2019"
"NCI DAC",0,73.8,5.2,0,3.2,1,0,1.9,0.1,0,0,0,NA,NA,NA,0,3.2,1.1,"11/04/2019"
"NEI",3,3,3,49.1,49.1,49.1,NA,NA,NA,NA,NA,NA,0,0,0,49.1,49.1,49.1,"11/04/2019"
"NHGRI",0,62.9,5.6,1,3.5,1.6,0,13.8,2.2,0,0,0,NA,NA,NA,1,15.3,3.6,"11/04/2019"
"NHLBI",0.1,47.4,3.9,0.7,36.9,10.9,0,26,1.9,0,0,0,NA,NA,NA,0.7,56.2,12.2,"11/04/2019"
"NIAID",0.1,0.1,0.1,21.8,21.8,21.8,13,13,13,NA,NA,NA,NA,NA,NA,34.8,34.8,34.8,"11/04/2019"
"NIGMS",2.7,2.7,2.7,46.1,46.1,46.1,6,6,6,NA,NA,NA,NA,NA,NA,52.1,52.1,52.1,"11/04/2019"
"All DACs",0,73.8,4.4,0,49.1,5.9,0,58,2.7,0,0,0,0,0.2,0.1,0,65,7.9,"11/04/2019"
"CDAC",0.7,3.8,2.3,3.2,3.2,3.2,0,0,0,NA,NA,NA,NA,NA,NA,3.2,3.2,3.2,"11/05/2019"
"ES DAC",1,5,3,2.8,3,2.9,0,0,0,NA,NA,NA,0,0,0,2.8,3,2.9,"11/05/2019"
"JAAMH",0,5.9,3.1,0,6.9,0.3,1.8,9,8.8,NA,NA,NA,0.3,0.3,0.3,0.4,9.3,8.7,"11/05/2019"
"Kids First DAC",0.9,0.9,0.9,2,2,2,0.2,0.2,0.2,NA,NA,NA,NA,NA,NA,2.2,2.2,2.2,"11/05/2019"
"NCI DAC",0,5,1.5,0.9,3.2,1.6,0,9.5,0.8,0,63.2,12.6,NA,NA,NA,0.9,64.7,4.2,"11/05/2019"
"NEI",0.7,3.8,1.3,0.1,58.8,27.2,2.8,21,14.9,NA,NA,NA,NA,NA,NA,48.1,79.8,69.2,"11/05/2019"
"NHGRI",0,5.9,2.7,0.7,2.7,1.2,0,13,1,0,0,0,NA,NA,NA,0.7,14.4,2.1,"11/05/2019"
"NHLBI",0,6.9,3.8,29.8,63.7,33.9,5.3,19.3,14.6,0,0,0,NA,NA,NA,29.8,69,37.6,"11/05/2019"
"NICHD",0.7,0.7,0.7,3,3,3,0,0,0,NA,NA,NA,NA,NA,NA,3,3,3,"11/05/2019"
"NIDCR",0.7,0.7,0.7,10,10,10,7.1,7.1,7.1,NA,NA,NA,NA,NA,NA,17.2,17.2,17.2,"11/05/2019"
"NIDDK",1.4,4,2.9,19.1,19.5,19.2,11.6,11.6,11.6,NA,NA,NA,NA,NA,NA,30.7,31.1,30.8,"11/05/2019"
"NIGMS",0.7,4,2.3,45.2,45.2,45.2,NA,NA,NA,NA,NA,NA,6,6,6,51.1,51.1,51.1,"11/05/2019"
"NINDS",3.1,4,3.5,0.9,1.4,1,1,23,7.2,1.1,1.1,1.1,NA,NA,NA,1.9,24.1,7.4,"11/05/2019"
"All DACs",0,6.9,2.6,0,63.7,5.1,0,23,4.7,0,63.2,3.6,0,6,1.6,0.4,79.8,9.7,"11/05/2019"
"JAAMH",0,36.3,12.6,6,6.6,6.2,1.8,7,5.5,NA,NA,NA,NA,NA,NA,8,13.6,11.7,"11/06/2019"
"Kids First DAC",0.1,0.7,0.7,1.1,1.3,1.3,0,0,0,0,0,0,NA,NA,NA,1.1,1.3,1.3,"11/06/2019"
"NCI DAC",0,46.8,5.3,0.8,2,1.3,0,9.5,1.3,0,0,0,NA,NA,NA,0.8,11.2,2.5,"11/06/2019"
"NHGRI",0.1,9.2,3.7,0,1.6,0.7,0,12.8,5.4,0,0,0,NA,NA,NA,0,13.3,5.7,"11/06/2019"
"NHLBI",0,9.2,3.8,0.9,62.6,4.5,0,19.4,1.4,0,19.3,6.4,NA,NA,NA,0.9,67.9,6.1,"11/06/2019"
"NIAMS",0.1,0.1,0.1,8.6,8.6,8.6,4,4,4,NA,NA,NA,NA,NA,NA,12.5,12.5,12.5,"11/06/2019"
"NICHD",0.7,0.7,0.7,2,2,2,0,0,0,NA,NA,NA,NA,NA,NA,2,2,2,"11/06/2019"
"NIDDK",5.2,5.2,5.2,18.2,18.2,18.2,11.6,11.6,11.6,NA,NA,NA,NA,NA,NA,29.9,29.9,29.9,"11/06/2019"
"NIGMS",4.9,4.9,4.9,44,44,44,6,6,6,NA,NA,NA,NA,NA,NA,49.9,49.9,49.9,"11/06/2019"
"NINDS",0,9.2,4.7,0.8,0.9,0.8,0,6.1,2,NA,NA,NA,NA,NA,NA,0.8,6.9,2.8,"11/06/2019"
"All DACs",0,46.8,4,0,62.6,3.7,0,19.4,1.9,0,19.3,1.6,NA,NA,NA,0,67.9,5.6,"11/06/2019"
"JAAMH",2.1,10.8,6.1,4.8,4.9,4.8,7,7,7,0.1,0.1,0.1,NA,NA,NA,5,11.8,8.1,"11/07/2019"
"NCI DAC",0,3,0.2,0.4,1.5,0.8,0,9.5,1.5,0,0,0,NA,NA,NA,0.4,10.2,1.2,"11/07/2019"
"NHGRI",0,6.3,1.2,0.1,10.5,3.4,0,11.7,6.1,0,3,1,NA,NA,NA,0.1,13.4,7.6,"11/07/2019"
"NHLBI",0.1,7.8,1.5,10.9,28.2,12.1,0,0,0,0,0,0,NA,NA,NA,10.9,28.2,12.1,"11/07/2019"
"NIDDK",7.8,7.8,7.8,NA,NA,NA,NA,NA,NA,NA,NA,NA,NA,NA,NA,NA,NA,NA,"11/07/2019"
"All DACs",0,10.8,1.6,0.1,28.2,6.8,0,11.7,1.3,0,3,0.2,NA,NA,NA,0.1,28.2,7.7,"11/07/2019"
"JAAMH",0,13.8,5.1,4.2,4.3,4.2,7,7,7,NA,NA,NA,NA,NA,NA,11.2,11.3,11.2,"11/08/2019"
"NCI DAC",0,22,4.3,0,7.1,0.7,0,4.3,0.4,0,0,0,NA,NA,NA,0,7.1,0.9,"11/08/2019"
"NHGRI",0.2,60,13.3,5.9,9.7,6.8,0,3,1,0,0,0,NA,NA,NA,5.9,12.7,7.3,"11/08/2019"
"NHLBI",0,20.8,8,10.1,27.9,13.6,0,0,0,0,0,0,NA,NA,NA,10.1,27.9,13.6,"11/08/2019"
"NIGMS",13.8,13.8,13.8,42.1,42.1,42.1,6,6,6,NA,NA,NA,NA,NA,NA,48,48,48,"11/08/2019"
"NINDS",13.8,13.8,13.8,6,6,6,0,8.1,2.7,NA,NA,NA,NA,NA,NA,6,14,8.7,"11/08/2019"
"All DACs",0,60,7.4,0,42.1,6.3,0,8.1,3.1,0,0,0,NA,NA,NA,0,48,8.4,"11/08/2019"
"JAAMH",0,0,0,3.5,3.5,3.5,NA,NA,NA,NA,NA,NA,0.1,0.1,0.1,3.6,3.6,3.6,"11/09/2019"
"NCI DAC",0,0.8,0.1,2.8,3.3,3,0.2,0.3,0.3,NA,NA,NA,NA,NA,NA,3,3.6,3.3,"11/09/2019"
"NEI",4.5,4.5,4.5,55.2,55.2,55.2,21,21,21,NA,NA,NA,NA,NA,NA,76.2,76.2,76.2,"11/09/2019"
"NHGRI",1.7,1.7,1.7,5.5,5.5,5.5,0,0,0,NA,NA,NA,NA,NA,NA,5.5,5.5,5.5,"11/09/2019"
"NHLBI",0,4.5,3.9,9.3,9.3,9.3,0,0,0,0,0,0,NA,NA,NA,9.3,9.3,9.3,"11/09/2019"
"All DACs",0,4.5,3.6,2.8,55.2,9.5,0,21,0.2,0,0,0,0.1,0.1,0.1,3,76.2,9.7,"11/09/2019"
"NCI DAC",38,38,38,1.7,1.7,1.7,0.2,0.2,0.2,NA,NA,NA,NA,NA,NA,1.9,1.9,1.9,"11/10/2019"
"NHGRI",11.9,11.9,11.9,NA,NA,NA,NA,NA,NA,NA,NA,NA,NA,NA,NA,NA,NA,NA,"11/10/2019"
"NHLBI",5.7,5.7,5.7,25.5,25.5,25.5,NA,NA,NA,0,0,0,NA,NA,NA,25.5,25.5,25.5,"11/10/2019"
"All DACs",5.7,38,18.5,1.7,25.5,13.6,0.2,0.2,0.2,0,0,0,NA,NA,NA,1.9,25.5,13.7,"11/10/2019"
"JAAMH",5.3,26.3,13.2,0.8,1.5,0.9,7,7,7,NA,NA,NA,NA,NA,NA,7.8,8.5,7.9,"11/11/2019"
"Kids First DAC",31.1,31.1,31.1,1.1,1.1,1.1,0,0,0,NA,NA,NA,NA,NA,NA,1.2,1.2,1.2,"11/11/2019"
"NCI DAC",0,31.1,12.8,1.1,1.7,1.3,0,0.2,0,NA,NA,NA,NA,NA,NA,1.1,1.8,1.4,"11/11/2019"
"NEI",5.3,5.3,5.3,41.7,41.7,41.7,0,0,0,NA,NA,NA,NA,NA,NA,41.7,41.7,41.7,"11/11/2019"
"NHGRI",0,5.8,3.5,2.8,7,3.9,0,3,0.5,4,4,4,NA,NA,NA,2.8,11,4.6,"11/11/2019"
"NHLBI",0,31.1,9.3,7.1,30,23.5,0,24.2,15.1,0,0,0,NA,NA,NA,7.1,49.3,38.6,"11/11/2019"
"NIAMS",5.3,14.1,9.7,3.7,4,3.9,10.9,10.9,10.9,NA,NA,NA,NA,NA,NA,14.6,15,14.8,"11/11/2019"
"NIDDK",0,0,0,13.4,13.4,13.4,11.8,11.8,11.8,NA,NA,NA,NA,NA,NA,25.1,25.1,25.1,"11/11/2019"
"NINDS",5.3,5.3,5.3,2.7,2.7,2.7,0,0,0,NA,NA,NA,NA,NA,NA,2.7,2.7,2.7,"11/11/2019"
"All DACs",0,31.1,10.6,0.8,41.7,5.8,0,24.2,3.2,0,4,2,NA,NA,NA,1.1,49.3,9,"11/11/2019"
"CDAC",7.6,7.6,7.6,2.9,2.9,2.9,0,0,0,NA,NA,NA,NA,NA,NA,2.9,2.9,2.9,"11/12/2019"
"JAAMH",0,35.8,5,0.1,7,0.5,7,7,7,0.1,0.1,0.1,75.8,75.8,75.8,0.2,82.8,9.2,"11/12/2019"
"NCI DAC",0,14.8,3,0.3,5.2,3.2,0,3.8,0.3,0,0,0,NA,NA,NA,0.3,9,3.5,"11/12/2019"
"NEI",0.1,0.1,0.1,40.9,40.9,40.9,0,0,0,NA,NA,NA,NA,NA,NA,40.9,40.9,40.9,"11/12/2019"
"NHGRI",0.1,8,0.8,2.1,7,3.4,0,3,0.7,0,4,1.3,NA,NA,NA,2.1,10,4.2,"11/12/2019"
"NHLBI",0,11,6.4,23.9,56.8,28.1,19.4,35.9,27.6,0,7,0.8,NA,NA,NA,23.9,64.2,34.3,"11/12/2019"
"NIAMS",0,0,0,3.1,3.1,3.1,10.9,10.9,10.9,NA,NA,NA,NA,NA,NA,14,14,14,"11/12/2019"
"NIDDK",4,5.8,4.6,12,12.8,12.5,11.8,11.8,11.8,NA,NA,NA,NA,NA,NA,23.7,23.7,23.7,"11/12/2019"
"NIGMS",4,4,4,NA,NA,NA,NA,NA,NA,NA,NA,NA,NA,NA,NA,NA,NA,NA,"11/12/2019"
"NINDS",4,4,4,2.4,2.4,2.4,NA,NA,NA,0,0,0,NA,NA,NA,2.4,2.4,2.4,"11/12/2019"
"All DACs",0,35.8,3.3,0.1,56.8,8.9,0,35.9,2.7,0,7,0.4,75.8,75.8,75.8,0.2,82.8,11.5,"11/12/2019"
"JAAMH",0,11.9,3.8,6,6.6,6.2,49.8,49.8,49.8,0,0,0,0,0,0,6.1,56.4,42.2,"11/13/2019"
"NCI DAC",0,8.1,4.2,1.8,4.7,3.7,0,3.6,0.4,0,0,0,NA,NA,NA,1.8,7.8,4.1,"11/13/2019"
"NEI",0,0.4,0.3,40.1,40.1,40.1,0,0,0,NA,NA,NA,NA,NA,NA,40.1,40.1,40.1,"11/13/2019"
"NHGRI",0,28.9,5.7,0.9,5,2.6,0,17.6,2.4,0,34,3.8,NA,NA,NA,0.9,36.4,5.8,"11/13/2019"
"NHLBI",0,2.1,0.1,28.9,55.8,46.6,7,28.3,10.6,0,0,0,NA,NA,NA,28.9,84,53.6,"11/13/2019"
"NIAMS",0,0,0,2,2,2,NA,NA,NA,NA,NA,NA,3.9,3.9,3.9,5.9,5.9,5.9,"11/13/2019"
"NIDCR",2,6.9,5.3,2.1,2.4,2.2,0.1,0.2,0.2,NA,NA,NA,NA,NA,NA,2.2,2.5,2.3,"11/13/2019"
"NIDDK",0,0,0,11.2,11.3,11.2,11.7,11.7,11.7,NA,NA,NA,NA,NA,NA,22.9,23,22.9,"11/13/2019"
"NIGMS",0.9,0.9,0.9,37.2,37.2,37.2,6,6,6,NA,NA,NA,NA,NA,NA,43.2,43.2,43.2,"11/13/2019"
"NINDS",0,0.4,0.2,0.8,1.1,0.9,0,0,0,NA,NA,NA,NA,NA,NA,0.8,1.1,0.9,"11/13/2019"
"All DACs",0,28.9,2.7,0.8,55.8,18,0,49.8,10.7,0,34,1.2,0,3.9,1,0.8,84,27,"11/13/2019"
"CDAC",0,10.2,2.2,0.8,1.1,1,0,0,0,21,21,21,NA,NA,NA,0.8,21.8,5.2,"11/14/2019"
"ES DAC",0.1,0.3,0.2,0.8,1,0.9,0,0.1,0.1,NA,NA,NA,NA,NA,NA,0.8,1.1,1,"11/14/2019"
"JAAMH",0,10.2,1.1,4.9,17.9,6.2,37.1,83.8,71.1,0.1,0.1,0.1,0,0.1,0.1,5.1,89,63.9,"11/14/2019"
"Kids First DAC",0,0,0,0.8,0.8,0.8,0.1,0.1,0.1,2.4,2.4,2.4,NA,NA,NA,0.8,3.1,1.4,"11/14/2019"
"NCATS",0,0,0,NA,NA,NA,NA,NA,NA,NA,NA,NA,NA,NA,NA,NA,NA,NA,"11/14/2019"
"NCI DAC",0,10.2,0.6,0.6,3.6,1,0,1.9,0.2,0,1.9,1,NA,NA,NA,0.8,3.7,1.3,"11/14/2019"
"NEI",0,10.2,0.8,38.9,49.9,43.1,0,21,5.7,0,21,12.6,NA,NA,NA,38.9,70.9,50.9,"11/14/2019"
"NHGRI",0,22.6,0.8,0.6,18.6,4.7,0,3,0.2,0,0,0,NA,NA,NA,0.6,18.7,4.8,"11/14/2019"
"NHLBI",0,5.8,0.3,33.9,56.9,49.8,7.3,26.1,15.4,0,21,1.4,NA,NA,NA,33.9,81.1,60.6,"11/14/2019"
"NIAID",0,0.3,0.1,25,33.8,29.4,9,16,12.5,NA,NA,NA,NA,NA,NA,34.1,49.8,41.9,"11/14/2019"
"NIAMS",0,0.3,0.3,0.8,1.1,1.1,3.9,3.9,3.9,3.8,3.8,3.8,NA,NA,NA,4.7,5,4.9,"11/14/2019"
"NICHD",0,0.3,0.2,4.8,5.1,5,0,14.9,3,0,14.9,7.4,NA,NA,NA,5,19.7,7.5,"11/14/2019"
"NIDDK",0,0.3,0.2,10.1,10.4,10.4,11.7,11.8,11.7,NA,NA,NA,NA,NA,NA,21.9,22.1,22.1,"11/14/2019"
"NIGMS",0,0.3,0.1,35.8,36.1,36,6,6,6,6,6,6,NA,NA,NA,41.8,42.1,41.9,"11/14/2019"
"NINDS",0.3,0.3,0.3,1,1,1,0,0,0,NA,NA,NA,NA,NA,NA,1,1,1,"11/14/2019"
"All DACs",0,22.6,0.6,0.6,56.9,11.9,0,83.8,11.9,0,21,2.2,0,0.1,0.1,0.6,89,22.2,"11/14/2019"
"JAAMH",0,4.1,2.6,3.9,4,4,49.8,49.8,49.8,0.2,0.2,0.2,NA,NA,NA,4.2,53.8,35.2,"11/15/2019"
"NCI DAC",0,8.2,3,0,1.7,0.4,0.1,2,1.5,0.2,0.2,0.2,NA,NA,NA,0.2,2.3,1.6,"11/15/2019"
"NHGRI",4.1,4.1,4.1,NA,NA,NA,NA,NA,NA,NA,NA,NA,NA,NA,NA,NA,NA,NA,"11/15/2019"
"NHLBI",0.1,4.1,2.3,34,53.8,52.4,21,21,21,0,21,15.8,NA,NA,NA,34,74.8,72.1,"11/15/2019"
"NIAMS",23,23,23,2.8,2.8,2.8,8,8,8,NA,NA,NA,NA,NA,NA,10.7,10.7,10.7,"11/15/2019"
"NIDDK",5,5,5,9.3,9.3,9.3,11.7,11.7,11.7,NA,NA,NA,NA,NA,NA,21,21,21,"11/15/2019"
"NINDS",8.2,8.2,8.2,3.7,3.7,3.7,2.2,2.2,2.2,NA,NA,NA,NA,NA,NA,5.9,5.9,5.9,"11/15/2019"
"All DACs",0,23,3.2,0,53.8,19.8,0.1,49.8,26.5,0,21,5.8,NA,NA,NA,0.2,74.8,43.3,"11/15/2019"
"NCI DAC",0,0,0,1.2,1.2,1.2,0.3,0.3,0.3,NA,NA,NA,NA,NA,NA,1.6,1.6,1.6,"11/16/2019"
"All DACs",0,0,0,1.2,1.2,1.2,0.3,0.3,0.3,NA,NA,NA,NA,NA,NA,1.6,1.6,1.6,"11/16/2019"
"NCI DAC",0,0.8,0.5,0.5,0.6,0.5,0.3,0.3,0.3,0.3,0.3,0.3,NA,NA,NA,0.8,0.9,0.9,"11/17/2019"
"NEI",0,0,0,46.8,46.8,46.8,21,21,21,NA,NA,NA,NA,NA,NA,67.8,67.8,67.8,"11/17/2019"
"NHGRI",0,13.8,3.7,0.8,7.5,2.9,8,8,8,0,0.1,0,NA,NA,NA,0.8,15.5,4.9,"11/17/2019"
"NHLBI",9.5,9.5,9.5,32.5,32.5,32.5,NA,NA,NA,0,0,0,NA,NA,NA,32.5,32.5,32.5,"11/17/2019"
"All DACs",0,13.8,2.1,0.5,46.8,26.6,0.3,21,13.2,0,0.3,0.1,NA,NA,NA,0.8,67.8,27.6,"11/17/2019"
"JAAMH",0,48,15.9,0.8,14.3,3.8,37.2,49.8,45.1,NA,NA,NA,0.2,0.2,0.2,1,51.5,31.8,"11/18/2019"
"NCI DAC",0,13.2,3,0,6.2,1.4,0,5,1.2,0,0.3,0,NA,NA,NA,0.2,11.1,2.1,"11/18/2019"
"NEI",0,0,0,35,35,35,3,3,3,NA,NA,NA,NA,NA,NA,37.9,37.9,37.9,"11/18/2019"
"NHGRI",0,13.2,2.1,0.8,7,2,0,8,5.2,0,0,0,NA,NA,NA,1,15,5.2,"11/18/2019"
"NHLBI",0.1,35,1.7,16.9,50.6,23.3,0,250.2,16.1,0,16.2,2.1,NA,NA,NA,16.9,300.8,32.9,"11/18/2019"
"NICHD",3.8,18.9,13.9,0.8,1.6,1.3,0,14.8,9.8,NA,NA,NA,NA,NA,NA,0.8,16.4,11.2,"11/18/2019"
"NIDDK",0,0.1,0.1,6.4,28.2,23.8,0.8,11.8,3,NA,NA,NA,NA,NA,NA,18.2,29,26.8,"11/18/2019"
"NIGMS",4.8,4.8,4.8,32.2,32.2,32.2,6,6,6,NA,NA,NA,NA,NA,NA,38.2,38.2,38.2,"11/18/2019"
"NINDS",0.2,2.9,2,0.8,1,0.9,3,34.2,13.4,NA,NA,NA,NA,NA,NA,4,35,14.3,"11/18/2019"
"All DACs",0,48,3.4,0,50.6,12.1,0,250.2,11.3,0,16.2,1.2,0.2,0.2,0.2,0.2,300.8,20,"11/18/2019"
"JAAMH",0,5,0.8,0,0.7,0.2,49.8,49.8,49.8,0.2,0.2,0.2,0.2,0.2,0.2,0.2,50.5,40.8,"11/19/2019"
"NCI DAC",0,28.8,4.6,0,5.4,0.5,0,5,0.3,0,0.1,0,NA,NA,NA,0,10.3,0.7,"11/19/2019"
"NEI",1,1,1,33.6,33.6,33.6,0,0,0,NA,NA,NA,NA,NA,NA,33.6,33.6,33.6,"11/19/2019"
"NHGRI",0,28.8,3.7,0,5.8,0.9,0,14.2,2.8,0,0,0,NA,NA,NA,0,15.3,2.5,"11/19/2019"
"NHLBI",0.2,5,2.3,28.9,50.1,34.5,6.8,21,17,0,6.8,0.3,NA,NA,NA,28.9,70.8,57.7,"11/19/2019"
"NIAMS",0.8,0.8,0.8,12.8,12.8,12.8,NA,NA,NA,1,1,1,NA,NA,NA,13.9,13.9,13.9,"11/19/2019"
"NICHD",0.8,0.8,0.8,0.1,0.1,0.1,0,0,0,NA,NA,NA,NA,NA,NA,0.1,0.1,0.1,"11/19/2019"
"NIDCR",0.8,0.8,0.8,7.9,7.9,7.9,7.3,7.3,7.3,NA,NA,NA,NA,NA,NA,15.2,15.2,15.2,"11/19/2019"
"NIDDK",5,5,5,26.9,27,26.9,0.8,0.9,0.9,NA,NA,NA,NA,NA,NA,27.8,27.8,27.8,"11/19/2019"
"NIGMS",1,1,1,30.7,30.7,30.7,6,6,6,NA,NA,NA,NA,NA,NA,36.7,36.7,36.7,"11/19/2019"
"All DACs",0,28.8,2.2,0,50.1,18.1,0,49.8,22.2,0,6.8,0.3,0.2,0.2,0.2,0,70.8,33.9,"11/19/2019"
"ES DAC",15,15,15,2.1,2.1,2.1,0.1,0.1,0.1,NA,NA,NA,NA,NA,NA,2.2,2.2,2.2,"11/20/2019"
"JAAMH",0.6,19.9,14.9,6.2,6.4,6.3,65.8,65.8,65.8,NA,NA,NA,0,0,0,6.4,72.2,49.3,"11/20/2019"
"Kids First DAC",0.2,0.2,0.2,0.9,0.9,0.9,NA,NA,NA,NA,NA,NA,NA,NA,NA,NA,NA,NA,"11/20/2019"
"NCI DAC",0,41.2,12.3,0,3.8,0.5,0,5,0.2,0,1,0.4,NA,NA,NA,0.2,8.8,0.7,"11/20/2019"
"NHGRI",0,18.9,7.2,0,5,1.1,0,12.9,3.7,0,0,0,NA,NA,NA,0,14,4.4,"11/20/2019"
"NHLBI",18.9,18.9,18.9,37,37,37,NA,NA,NA,0,0,0,NA,NA,NA,37,37,37,"11/20/2019"
"NIAMS",0.7,0.7,0.7,11.6,11.6,11.6,1,1,1,NA,NA,NA,NA,NA,NA,12.6,12.6,12.6,"11/20/2019"
"NIDCR",15,15,15,7.1,7.1,7.1,7.3,7.3,7.3,NA,NA,NA,NA,NA,NA,14.4,14.4,14.4,"11/20/2019"
"NIDDK",18.9,18.9,18.9,26,26,26,0.8,0.8,0.8,NA,NA,NA,NA,NA,NA,26.8,26.8,26.8,"11/20/2019"
"NIGMS",0,15,8.8,29.8,30.2,30.1,6,6,6,NA,NA,NA,NA,NA,NA,35.8,36.2,36.1,"11/20/2019"
"NINDS",18.9,18.9,18.9,1,1,1,0,7.9,3.2,NA,NA,NA,NA,NA,NA,1,8.9,4.2,"11/20/2019"
"All DACs",0,41.2,11.9,0,37,4.7,0,65.8,6.5,0,1,0.2,0,0,0,0,72.2,10,"11/20/2019"
"ES DAC",6.7,6.7,6.7,1.1,1.1,1.1,14,14,14,NA,NA,NA,NA,NA,NA,15.1,15.1,15.1,"11/21/2019"
"JAAMH",0,1.8,0.4,5.2,5.4,5.3,65.8,65.8,65.8,NA,NA,NA,NA,NA,NA,71.1,71.1,71.1,"11/21/2019"
"Kids First DAC",0,0,0,0,0,0,4.8,4.8,4.8,NA,NA,NA,NA,NA,NA,4.8,4.8,4.8,"11/21/2019"
"NCI DAC",0,15.8,0.4,0,0.8,0.2,0,2.9,0.1,0,0.9,0.5,NA,NA,NA,0,3,0.3,"11/21/2019"
"NEI",45.1,45.1,45.1,32.2,32.2,32.2,0,0,0,NA,NA,NA,NA,NA,NA,32.2,32.2,32.2,"11/21/2019"
"NHGRI",0,41,3.2,0.7,11,4.3,0,8,2,0,9,2.8,NA,NA,NA,0.7,13.2,6.4,"11/21/2019"
"NHLBI",0,0.7,0.1,5.1,48.2,7.9,0,25.8,1,0,0,0,NA,NA,NA,5.1,74,8.8,"11/21/2019"
"NIAID",0,0,0,NA,NA,NA,NA,NA,NA,NA,NA,NA,NA,NA,NA,NA,NA,NA,"11/21/2019"
"NIDDK",0,0,0,NA,NA,NA,NA,NA,NA,NA,NA,NA,NA,NA,NA,NA,NA,NA,"11/21/2019"
"All DACs",0,45.1,1,0,48.2,4,0,65.8,1.4,0,9,1.3,NA,NA,NA,0,74,5.5,"11/21/2019"
"ES DAC",1.8,1.8,1.8,14,14,14,NA,NA,NA,NA,NA,NA,0,0,0,14,14,14,"11/22/2019"
"JAAMH",0.2,0.3,0.3,4,4.5,4.4,65.8,65.8,65.8,NA,NA,NA,NA,NA,NA,69.9,70.4,70.2,"11/22/2019"
"NCI DAC",0,5.4,1.3,0.1,1.8,0.9,0,1.9,0.2,NA,NA,NA,NA,NA,NA,0.2,2.2,1.1,"11/22/2019"
"NHGRI",0,20.7,3.2,4,5.1,4.9,0,0,0,0,0,0,NA,NA,NA,4,5.1,5,"11/22/2019"
"NHLBI",1.8,3.5,2.8,47.2,47.3,47.3,16,16.3,16.2,NA,NA,NA,NA,NA,NA,63.2,63.6,63.4,"11/22/2019"
"NIGMS",1.8,1.8,1.8,NA,NA,NA,NA,NA,NA,NA,NA,NA,NA,NA,NA,NA,NA,NA,"11/22/2019"
"NINDS",0,1.9,1.1,4.9,4.9,4.9,0,11.9,8,NA,NA,NA,0,0,0,4.9,16.8,8.3,"11/22/2019"
"All DACs",0,20.7,2,0.1,47.3,11.7,0,65.8,11.2,0,0,0,0,0,0,0.2,70.4,20.3,"11/22/2019"
"All DACs",NA,NA,NA,NA,NA,NA,NA,NA,NA,NA,NA,NA,NA,NA,NA,NA,NA,NA,"11/23/2019"
"ES DAC",0.9,0.9,0.9,11.5,11.5,11.5,0,0,0,NA,NA,NA,NA,NA,NA,11.5,11.5,11.5,"11/24/2019"
"JAAMH",0.9,3,1.1,1.8,2.1,1.8,65.8,65.8,65.8,NA,NA,NA,NA,NA,NA,67.9,67.9,67.9,"11/24/2019"
"NCI DAC",0.9,12.4,7.7,0,1,0.3,0,4.5,0.8,0,1.5,0.4,NA,NA,NA,0,4.5,1.1,"11/24/2019"
"NHGRI",0.9,5.9,4.6,2.6,3.3,2.8,0,49.9,12.5,0,0,0,NA,NA,NA,2.6,53.2,12.8,"11/24/2019"
"NHLBI",0.9,0.9,0.9,38.7,38.7,38.7,NA,NA,NA,0,0,0,NA,NA,NA,38.7,38.7,38.7,"11/24/2019"
"NINDS",0.9,3,1.6,2.7,3,2.8,1.9,61,21.6,NA,NA,NA,NA,NA,NA,4.5,64,24.4,"11/24/2019"
"All DACs",0.9,12.4,5.4,0,38.7,4.5,0,65.8,4.6,0,1.5,0.1,NA,NA,NA,0,67.9,8.7,"11/24/2019"
"JAAMH",0,10,2.7,1,6.9,2,60.2,65.8,65.7,0.1,0.1,0.1,0.1,0.1,0.1,1.1,67.2,63,"11/25/2019"
"Kids First DAC",0,0,0,4.2,4.2,4.2,NA,NA,NA,0,0,0,NA,NA,NA,4.2,4.2,4.2,"11/25/2019"
"NCATS",2.8,2.8,2.8,NA,NA,NA,NA,NA,NA,NA,NA,NA,NA,NA,NA,NA,NA,NA,"11/25/2019"
"NCI DAC",0,6.9,2.3,0.1,6.2,2.9,0,3.6,0.5,0,3.6,1.8,NA,NA,NA,0.1,9.8,3.4,"11/25/2019"
"NEI",0.1,2.8,1,27.9,27.9,27.9,0,0,0,NA,NA,NA,NA,NA,NA,27.9,27.9,27.9,"11/25/2019"
"NHGRI",0,101,5.6,5.1,14.2,7,0,9.3,0.9,0,2.3,0.8,NA,NA,NA,5.1,16.5,8,"11/25/2019"
"NHLBI",0,11.1,1.1,38,44.1,42.4,16,16.3,16.1,0,16.3,4.1,NA,NA,NA,38,60.1,54.3,"11/25/2019"
"NIAID",2.8,2.8,2.8,23.1,23.1,23.1,NA,NA,NA,NA,NA,NA,NA,NA,NA,NA,NA,NA,"11/25/2019"
"NIAMS",0.8,0.8,0.8,7.3,7.3,7.3,7.2,7.2,7.2,NA,NA,NA,NA,NA,NA,14.5,14.5,14.5,"11/25/2019"
"NIDCR",0.8,0.8,0.8,2.2,2.2,2.2,13,13,13,NA,NA,NA,NA,NA,NA,15.2,15.2,15.2,"11/25/2019"
"NIDDK",0.8,2.8,2.3,21.2,21.5,21.2,0.8,0.8,0.8,NA,NA,NA,NA,NA,NA,22,22.3,22.1,"11/25/2019"
"NIGMS",2.8,2.8,2.8,25.1,25.1,25.1,NA,NA,NA,NA,NA,NA,6,6,6,31.1,31.1,31.1,"11/25/2019"
"NINDS",10,10,10,1.9,1.9,1.9,1.9,1.9,1.9,NA,NA,NA,NA,NA,NA,3.8,3.8,3.8,"11/25/2019"
"All DACs",0,101,2.6,0.1,44.1,10.1,0,65.8,19.2,0,16.3,2,0.1,6,3.1,0.1,67.2,27.6,"11/25/2019"
"JAAMH",0,14.9,7.4,0,6.2,0.8,42.8,65.8,64.3,NA,NA,NA,NA,NA,NA,43.3,66.3,64.9,"11/26/2019"
"NCI DAC",0,26.2,6.2,0,3.2,1.4,0,1,0.2,0,0,0,NA,NA,NA,0,3.2,1.6,"11/26/2019"
"NHGRI",0,25.3,4.4,5.7,13,9.7,0,23.5,4.2,0,3.1,0.9,NA,NA,NA,5.7,29.2,12.9,"11/26/2019"
"NHLBI",0,6,1,0.6,43.5,16.4,0,32.8,4.1,0,0,0,NA,NA,NA,0.6,76.2,19.4,"11/26/2019"
"NIAMS",0,0,0,6.3,6.3,6.3,NA,NA,NA,1,1,1,NA,NA,NA,7.2,7.2,7.2,"11/26/2019"
"NIDDK",1,1,1,19.9,19.9,19.9,0.9,0.9,0.9,NA,NA,NA,NA,NA,NA,20.8,20.8,20.8,"11/26/2019"
"NINDS",0,0,0,1.4,1.4,1.4,1.9,4.9,2.9,NA,NA,NA,NA,NA,NA,3.3,6.3,4.3,"11/26/2019"
"All DACs",0,26.2,3.5,0,43.5,9.4,0,65.8,16.7,0,3.1,0.2,NA,NA,NA,0,76.2,22.2,"11/26/2019"
"JAAMH",0.7,2.9,1.8,1.8,2.4,2.1,39.8,39.8,39.8,NA,NA,NA,NA,NA,NA,41.6,42.2,41.9,"11/27/2019"
"NCI DAC",0,4.9,1,0,3.5,1.3,0,0.1,0,0,0,0,NA,NA,NA,0,3.5,1.3,"11/27/2019"
"NHGRI",0,2,0.2,4.5,5.1,5.1,0,2.2,0.2,NA,NA,NA,NA,NA,NA,5,6.8,5.3,"11/27/2019"
"NHLBI",0.1,8,4.3,41.8,50,44.7,11.3,19,14.9,19.3,19.3,19.3,NA,NA,NA,56,61.3,60.1,"11/27/2019"
"NIAID",0,0,0,20.9,20.9,20.9,16,16,16,NA,NA,NA,NA,NA,NA,36.9,36.9,36.9,"11/27/2019"
"NIAMS",0.1,0.1,0.1,5,5,5,0.9,0.9,0.9,NA,NA,NA,NA,NA,NA,5.9,5.9,5.9,"11/27/2019"
"NICHD",0,0,0,8.6,8.6,8.6,38,38,38,NA,NA,NA,NA,NA,NA,46.7,46.7,46.7,"11/27/2019"
"NIDDK",0.1,0.1,0.1,19.2,19.2,19.2,0.8,0.8,0.8,NA,NA,NA,NA,NA,NA,20,20,20,"11/27/2019"
"NIGMS",0.1,0.1,0.1,23.1,23.1,23.1,6,6,6,NA,NA,NA,NA,NA,NA,29.1,29.1,29.1,"11/27/2019"
"NINDS",0.1,0.1,0.1,0.1,0.1,0.1,1.9,1.9,1.9,NA,NA,NA,NA,NA,NA,2,2,2,"11/27/2019"
"All DACs",0,8,1.2,0,50,11.6,0,39.8,7,0,19.3,2.8,NA,NA,NA,0,61.3,18.1,"11/27/2019"
"JAAMH",0.1,0.1,0.1,0.9,1.4,1.3,39.8,62.8,58.2,NA,NA,NA,NA,NA,NA,40.7,64.2,59.5,"11/28/2019"
"NCI DAC",0,0.1,0.1,1.2,1.4,1.3,0,0.1,0,0,0,0,NA,NA,NA,1.3,1.5,1.3,"11/28/2019"
"NHGRI",0.1,21.5,1.1,4.2,11.1,10.8,0,45.2,6.8,6.5,6.5,6.5,NA,NA,NA,4.2,56.3,17.5,"11/28/2019"
"NHLBI",0.1,0.1,0.1,43.3,43.3,43.3,NA,NA,NA,0,0,0,NA,NA,NA,43.3,43.3,43.3,"11/28/2019"
"NIAID",0.1,0.1,0.1,20.2,20.2,20.2,16,16,16,NA,NA,NA,NA,NA,NA,36.2,36.2,36.2,"11/28/2019"
"NIDDK",0.1,0.7,0.1,8.4,18.3,17.3,18,18,18,NA,NA,NA,0,0,0,8.5,36.3,33.5,"11/28/2019"
"All DACs",0,21.5,0.2,0.9,43.3,9.2,0,62.8,5,0,6.5,0.9,0,0,0,1.3,64.2,13.5,"11/28/2019"
"JAAMH",0,0,0,0.1,0.1,0.1,39.8,39.8,39.8,NA,NA,NA,NA,NA,NA,39.9,39.9,39.9,"11/29/2019"
"NCI DAC",0,10.1,1.6,0.1,1.9,0.7,0,3.6,0.1,NA,NA,NA,NA,NA,NA,0.2,5.5,0.8,"11/29/2019"
"NEI",0,0,0,23.8,23.8,23.8,0,0,0,NA,NA,NA,NA,NA,NA,23.8,23.8,23.8,"11/29/2019"
"NHGRI",0,17,2.1,3.1,3.5,3.2,0,28.8,1.7,0,0,0,NA,NA,NA,3.1,32.1,4.9,"11/29/2019"
"NHLBI",0,3.3,2,45.4,48.1,46.5,11.3,18.1,16.7,0,0,0,NA,NA,NA,45.4,65.8,54.1,"11/29/2019"
"NIAMS",0,28.2,14.1,2.8,3.1,3,0.9,0.9,0.9,NA,NA,NA,NA,NA,NA,3.7,4,3.8,"11/29/2019"
"NICHD",0,0,0,6.9,6.9,6.9,0,0,0,NA,NA,NA,NA,NA,NA,6.9,6.9,6.9,"11/29/2019"
"NIDDK",0,3.3,2.2,17,17.5,17.3,18,18,18,NA,NA,NA,NA,NA,NA,35,35.5,35.3,"11/29/2019"
"NIGMS",0,3.3,1.5,20.9,21.4,21.2,6,6,6,NA,NA,NA,NA,NA,NA,26.9,27.4,27.2,"11/29/2019"
"NINDS",0,3.3,2.1,3,3.5,3.3,0,6.8,2.4,NA,NA,NA,NA,NA,NA,3,10.3,5.8,"11/29/2019"
"All DACs",0,28.2,2,0.1,48.1,9.4,0,39.8,3.2,0,0,0,NA,NA,NA,0.2,65.8,12.4,"11/29/2019"
"NCI DAC",25.7,25.7,25.7,1,1,1,0.1,0.1,0.1,NA,NA,NA,NA,NA,NA,1.2,1.2,1.2,"11/30/2019"
"All DACs",25.7,25.7,25.7,1,1,1,0.1,0.1,0.1,NA,NA,NA,NA,NA,NA,1.2,1.2,1.2,"11/30/2019"
"CDAC",9.7,9.7,9.7,3.7,3.7,3.7,0.1,0.1,0.1,NA,NA,NA,NA,NA,NA,3.8,3.8,3.8,"12/01/2019"
"JAAMH",0.2,12,9,0.9,1.8,1.1,36,37.2,36.9,NA,NA,NA,NA,NA,NA,37.7,38,38,"12/01/2019"
"NCI DAC",0,25,5.6,0,1.7,0.5,0,0.2,0,0.2,0.2,0.2,NA,NA,NA,0,1.9,0.5,"12/01/2019"
"NEI",0.1,0.2,0.1,24.7,24.9,24.9,0,0,0,NA,NA,NA,NA,NA,NA,24.7,25,24.9,"12/01/2019"
"NHGRI",0.2,12,3.8,1.6,2,1.8,0,15.3,2.5,0,0,0,NA,NA,NA,1.6,16.9,3.5,"12/01/2019"
"NHLBI",0,0.2,0.2,45.6,46,45.6,18.1,20.3,20.1,NA,NA,NA,NA,NA,NA,64,65.9,65.7,"12/01/2019"
"NIAMS",4.9,4.9,4.9,0.6,0.6,0.6,0.9,0.9,0.9,NA,NA,NA,NA,NA,NA,1.5,1.5,1.5,"12/01/2019"
"NIDDK",0.2,0.2,0.2,14.8,14.8,14.8,18,18,18,NA,NA,NA,NA,NA,NA,32.8,32.8,32.8,"12/01/2019"
"All DACs",0,25,2.8,0,46,20.9,0,37.2,11.1,0,0.2,0,NA,NA,NA,0,65.9,31.3,"12/01/2019"
"CDAC",0,0,0,2.8,3.4,3.1,0.1,0.1,0.1,NA,NA,NA,NA,NA,NA,2.9,3.5,3.2,"12/02/2019"
"ES DAC",0,5,2.5,4.2,4.2,4.2,0,0,0,NA,NA,NA,NA,NA,NA,4.2,4.2,4.2,"12/02/2019"
"JAAMH",0,6,2.1,0.1,4.1,1.4,32.9,58.9,36.1,NA,NA,NA,0.1,0.1,0.1,1.3,60,34.3,"12/02/2019"
"Kids First DAC",0,0,0,1.1,1.1,1.1,0,0,0,NA,NA,NA,NA,NA,NA,1.2,1.2,1.2,"12/02/2019"
"NCI DAC",0,28.2,1.3,0.8,5.9,1.4,0,7.8,0.1,0,0.2,0.1,NA,NA,NA,0.8,13.6,1.5,"12/02/2019"
"NEI",0,12.5,1.3,23.7,24.4,23.9,0,0,0,NA,NA,NA,NA,NA,NA,23.7,24.5,24,"12/02/2019"
"NHGRI",0,19.6,1.1,0.9,7,2.1,0,8.1,0.1,0,6.5,2.2,NA,NA,NA,0.9,13.5,2.2,"12/02/2019"
"NHLBI",0,14,1.5,13.8,59.2,44,0,25,12.1,0,25,1.9,NA,NA,NA,13.8,72,47.5,"12/02/2019"
"NIAMS",3,3,3,0.4,0.4,0.4,0.9,0.9,0.9,NA,NA,NA,NA,NA,NA,1.3,1.3,1.3,"12/02/2019"
"NICHD",0,1.7,0.9,4,4.3,4.1,0,0,0,NA,NA,NA,NA,NA,NA,4,4.3,4.1,"12/02/2019"
"NIDCR",0.1,9.3,4.7,0.1,0.1,0.1,7.8,7.8,7.8,31,31,31,NA,NA,NA,7.8,31,19.4,"12/02/2019"
"NIDDK",1,10.9,2.4,14,14.2,14.2,18,18,18,18,18,18,NA,NA,NA,32,32.2,32.2,"12/02/2019"
"NIGMS",0,4.7,1.1,17.8,18.5,17.9,6,10,7.7,NA,NA,NA,NA,NA,NA,23.9,27.8,25.7,"12/02/2019"
"NINDS",0,7,4.8,0,0.9,0.2,0,6.8,1.9,NA,NA,NA,2.8,2.8,2.8,0.1,7.4,2.5,"12/02/2019"
"All DACs",0,28.2,1.5,0,59.2,5.9,0,58.9,4.6,0,31,3,0.1,2.8,0.9,0.1,72,10.5,"12/02/2019"
"CDAC",28.9,28.9,28.9,2.1,2.1,2.1,0.1,0.1,0.1,NA,NA,NA,NA,NA,NA,2.2,2.2,2.2,"12/03/2019"
"ES DAC",28.9,28.9,28.9,2.9,2.9,2.9,0,0,0,NA,NA,NA,NA,NA,NA,2.9,2.9,2.9,"12/03/2019"
"JAAMH",0.2,28.9,7.9,0,3.3,2.6,35.9,58.9,54.1,NA,NA,NA,0.1,0.1,0.1,3,59.1,47.4,"12/03/2019"
"Kids First DAC",9.8,9.8,9.8,0.4,0.4,0.4,0,0,0,NA,NA,NA,NA,NA,NA,0.4,0.4,0.4,"12/03/2019"
"NCI DAC",0,39.9,22,0,4.9,0.9,0,7.8,0.2,0,0.1,0,NA,NA,NA,0,12.6,1.1,"12/03/2019"
"NEI",0.5,29,14.7,20.2,22.9,21.5,0,0,0,NA,NA,NA,NA,NA,NA,20.2,22.9,21.6,"12/03/2019"
"NHGRI",0.1,42.9,14.9,1,12.6,4.5,0,6,0.7,0,2.4,0.6,NA,NA,NA,1,15,5.2,"12/03/2019"
"NHLBI",0,14.3,3.5,40.7,58.1,55.6,10.9,13.1,12.7,0,11.1,1.6,NA,NA,NA,40.7,71,66.5,"12/03/2019"
"NIAID",14.3,14.3,14.3,30.7,30.7,30.7,33,33,33,NA,NA,NA,NA,NA,NA,63.8,63.8,63.8,"12/03/2019"
"NIAMS",14.3,14.3,14.3,8.7,8.7,8.7,NA,NA,NA,0.2,0.2,0.2,NA,NA,NA,8.9,8.9,8.9,"12/03/2019"
"NICHD",0.9,14.3,7.6,2.8,2.8,2.8,38,38,38,NA,NA,NA,NA,NA,NA,40.8,40.8,40.8,"12/03/2019"
"NIDCR",28.9,28.9,28.9,0.1,0.1,0.1,1.1,1.1,1.1,NA,NA,NA,NA,NA,NA,1.2,1.2,1.2,"12/03/2019"
"NIDDK",12,18.2,15.1,12.6,30.9,21.8,0,18,9,NA,NA,NA,NA,NA,NA,30.7,31,30.8,"12/03/2019"
"NIGMS",14.3,29,23.1,16.8,17.1,16.9,10,10,10,NA,NA,NA,NA,NA,NA,26.8,27.1,26.9,"12/03/2019"
"NINDS",0.2,29,14.2,0,1.6,1.4,0,5.8,4.4,5,5,5,0,5,4.5,0,6.7,5.8,"12/03/2019"
"All DACs",0,42.9,15.6,0,58.1,8.9,0,58.9,10.5,0,11.1,0.7,0,5,2.4,0,71,17.9,"12/03/2019"
"ES DAC",0,0,0,1.9,1.9,1.9,0,0,0,NA,NA,NA,NA,NA,NA,1.9,1.9,1.9,"12/04/2019"
"JAAMH",0.1,5.2,2.7,2,2.2,2,55.8,55.8,55.8,0.1,0.1,0.1,NA,NA,NA,2.2,58,53.6,"12/04/2019"
"NCI DAC",0,303,8.2,0,2.1,0.6,0,0.6,0.1,0,0.1,0,NA,NA,NA,0,2.2,0.7,"12/04/2019"
"NHGRI",0.1,5.2,1.1,1.1,11.8,7.1,0,2.4,0.9,0,0,0,NA,NA,NA,1.1,14.2,7.9,"12/04/2019"
"NHLBI",0,11.5,2.4,56.8,57.1,56.9,10.9,11.1,11.1,11,11,11,NA,NA,NA,67.8,68.2,67.9,"12/04/2019"
"NICHD",0.1,0.1,0.1,2,2,2,0,0,0,NA,NA,NA,NA,NA,NA,2,2,2,"12/04/2019"
"NIDCR",0.2,0.2,0.2,5.6,5.6,5.6,7.1,7.1,7.1,NA,NA,NA,NA,NA,NA,12.7,12.7,12.7,"12/04/2019"
"NIDDK",15.1,15.1,15.1,29.8,29.8,29.8,NA,NA,NA,0,0,0,NA,NA,NA,29.8,29.8,29.8,"12/04/2019"
"NIGMS",0,0,0,16,16,16,10,10,10,NA,NA,NA,NA,NA,NA,26.1,26.1,26.1,"12/04/2019"
"NINDS",0,0.5,0.2,0.8,1,0.9,0,4.1,0.5,0.1,0.1,0.1,0.1,0.1,0.1,0.9,5,1.3,"12/04/2019"
"All DACs",0,303,4.3,0,57.1,5.4,0,55.8,15.1,0,11,0.7,0.1,0.1,0.1,0,68.2,18.3,"12/04/2019"
"CDAC",0.9,0.9,0.9,0.1,0.1,0.1,0.1,0.1,0.1,NA,NA,NA,NA,NA,NA,0.2,0.2,0.2,"12/05/2019"
"ES DAC",0,0,0,0.9,0.9,0.9,0,0,0,NA,NA,NA,NA,NA,NA,0.9,0.9,0.9,"12/05/2019"
"JAAMH",0,9.7,0.6,0.8,1.5,1.3,55.8,55.8,55.8,NA,NA,NA,0.2,0.2,0.2,1.2,57.1,47.1,"12/05/2019"
"Kids First DAC",0,0.4,0.1,0,13,4.7,0,1.1,0.4,0,0,0,NA,NA,NA,0.1,14.1,5,"12/05/2019"
"NCATS",0.9,0.9,0.9,NA,NA,NA,NA,NA,NA,NA,NA,NA,NA,NA,NA,NA,NA,NA,"12/05/2019"
"NCI DAC",0,17.4,2.3,0,3.3,0.5,0,7.7,0.5,0,0,0,NA,NA,NA,0,10.4,0.9,"12/05/2019"
"NEI",0.9,0.9,0.9,29,29,29,21,21,21,NA,NA,NA,NA,NA,NA,50,50,50,"12/05/2019"
"NHGRI",0,47.8,7.8,2.8,4.6,4.3,0,37.9,2.8,0,0,0,NA,NA,NA,2.9,41.7,5.6,"12/05/2019"
"NHLBI",0,47.8,15.9,46.9,56.5,53.5,11,20.1,14,0,2.8,0.5,NA,NA,NA,47.1,67.2,61.1,"12/05/2019"
"NIAID",0.9,0.9,0.9,29,29,29,0,0,0,NA,NA,NA,NA,NA,NA,29,29,29,"12/05/2019"
"NIAMS",47.8,47.8,47.8,7,7,7,NA,NA,NA,0.2,0.2,0.2,NA,NA,NA,7.2,7.2,7.2,"12/05/2019"
"NICHD",0,0.8,0.2,1.2,1.5,1.4,0,0,0,NA,NA,NA,NA,NA,NA,1.2,1.2,1.2,"12/05/2019"
"NIDCD DAC",3.1,3.1,3.1,NA,NA,NA,NA,NA,NA,NA,NA,NA,NA,NA,NA,NA,NA,NA,"12/05/2019"
"NIDDK",0.9,0.9,0.9,29.1,29.1,29.1,0,0,0,NA,NA,NA,NA,NA,NA,29.1,29.1,29.1,"12/05/2019"
"NIGMS",0,9.7,2.7,14.8,15,14.9,10,10,10,NA,NA,NA,10,10,10,24.8,25.1,24.9,"12/05/2019"
"NINDS",0,0,0,0.2,0.2,0.2,NA,NA,NA,NA,NA,NA,NA,NA,NA,NA,NA,NA,"12/05/2019"
"All DACs",0,47.8,7.2,0,56.5,10.2,0,55.8,18.2,0,2.8,0.1,0.2,10,1.6,0,67.2,23.9,"12/05/2019"
"JAAMH",4.7,7,5.8,0.2,0.3,0.3,55.8,55.9,55.9,NA,NA,NA,NA,NA,NA,56.1,56.2,56.1,"12/06/2019"
"NCI DAC",0,4.7,2.6,0,2,0.6,0,7.6,0.8,0,0,0,NA,NA,NA,0,9.4,1.3,"12/06/2019"
"NEI",1.1,1.1,1.1,69.9,69.9,69.9,0.1,0.1,0.1,NA,NA,NA,NA,NA,NA,70,70,70,"12/06/2019"
"NHGRI",0,5,1.7,3.8,9.7,4.7,0,0,0,0,3.4,0.7,NA,NA,NA,3.8,13,5.1,"12/06/2019"
"NHLBI",0,3.2,0.4,23.7,55.1,30,0,11.1,1.6,0,0,0,NA,NA,NA,23.7,66.2,31.3,"12/06/2019"
"NIGMS",4.7,4.7,4.7,14.2,14.2,14.2,10.1,10.1,10.1,NA,NA,NA,NA,NA,NA,24.2,24.2,24.2,"12/06/2019"
"NINDS",0,0.5,0.4,5.2,5.2,5.2,0,12.1,2.6,NA,NA,NA,NA,NA,NA,5.2,17.2,7.8,"12/06/2019"
"All DACs",0,7,1,0,69.9,22.3,0,55.9,2.9,0,3.4,0.2,NA,NA,NA,0,70,24.7,"12/06/2019"
"NCI DAC",24.7,24.7,24.7,1.4,1.4,1.4,NA,NA,NA,0,0,0,NA,NA,NA,1.4,1.4,1.4,"12/07/2019"
"All DACs",24.7,24.7,24.7,1.4,1.4,1.4,NA,NA,NA,0,0,0,NA,NA,NA,1.4,1.4,1.4,"12/07/2019"
"JAAMH",22.1,22.1,22.1,30.8,30.8,30.8,23,23,23,1,1,1,1,1,1,31.8,53.8,43.3,"12/08/2019"
"NCI DAC",2.8,27.8,8.8,0.2,0.8,0.5,0,0.5,0.1,NA,NA,NA,NA,NA,NA,0.2,1.2,0.6,"12/08/2019"
"NHGRI",2.8,22.1,17,1.8,2.6,1.9,0,92,15.3,0,0,0,NA,NA,NA,1.8,93.8,15.1,"12/08/2019"
"NHLBI",0,0,0,3.1,3.1,3.1,NA,NA,NA,19.4,19.4,19.4,NA,NA,NA,22.5,22.5,22.5,"12/08/2019"
"NINDS",22.1,22.1,22.1,2.8,2.8,2.8,0.1,0.1,0.1,NA,NA,NA,NA,NA,NA,2.9,2.9,2.9,"12/08/2019"
"All DACs",0,27.8,17.8,0.2,30.8,17.3,0,92,13.5,0,19.4,2.8,1,1,1,0.2,93.8,27.4,"12/08/2019"
"CDAC",13.2,14,13.6,4.4,4.4,4.4,NA,NA,NA,NA,NA,NA,NA,NA,NA,NA,NA,NA,"12/09/2019"
"ES DAC",14,14,14,4.2,4.2,4.2,NA,NA,NA,NA,NA,NA,0,0,0,4.2,4.2,4.2,"12/09/2019"
"JAAMH",0.1,14,11.4,29.7,30.2,29.9,23,23,23,NA,NA,NA,NA,NA,NA,52.7,53.2,52.9,"12/09/2019"
"Kids First DAC",13.2,14,13.8,3.4,3.4,3.4,NA,NA,NA,0,0,0,NA,NA,NA,3.4,3.4,3.4,"12/09/2019"
"NCI DAC",0,137.5,14.7,0,6.4,3.1,0,3.4,0.3,0,0.1,0,NA,NA,NA,0.2,9.8,3.1,"12/09/2019"
"NEI",0.8,0.8,0.8,16.7,16.7,16.7,0,0,0,NA,NA,NA,NA,NA,NA,16.8,16.8,16.8,"12/09/2019"
"NHGRI",0,20,12.4,1.5,7.1,6.2,0,21.6,2.9,0,0,0,NA,NA,NA,1.5,24.2,5.7,"12/09/2019"
"NHLBI",0,14,2.6,20.9,52,32.4,0,11.1,2.8,0,11.1,0.6,NA,NA,NA,20.9,63.1,34.7,"12/09/2019"
"NICHD",0.9,14,12,1.7,2.3,2.2,0,0,0,NA,NA,NA,NA,NA,NA,1.7,1.7,1.7,"12/09/2019"
"NIDCR",13.2,14,13.5,1.2,1.3,1.3,NA,NA,NA,NA,NA,NA,3,3,3,4.2,4.2,4.2,"12/09/2019"
"NIDDK",0.8,5.9,5.5,24.8,25.1,25.1,0,0,0,NA,NA,NA,NA,NA,NA,24.9,25.1,25.1,"12/09/2019"
"NIGMS",13.2,14,13.4,NA,NA,NA,NA,NA,NA,NA,NA,NA,NA,NA,NA,NA,NA,NA,"12/09/2019"
"NINDS",14,14,14,2.4,2.4,2.4,NA,NA,NA,1.1,1.1,1.1,NA,NA,NA,3.5,3.5,3.5,"12/09/2019"
"All DACs",0,137.5,10.7,0,52,11.9,0,23,2.7,0,11.1,0.1,0,3,1.8,0.2,63.1,14.3,"12/09/2019"
"CDAC",0,0,0,3.1,3.1,3.1,3.1,3.1,3.1,NA,NA,NA,NA,NA,NA,6.2,6.2,6.2,"12/10/2019"
"JAAMH",0,11.9,5.2,28.9,29.4,29.3,23,23,23,NA,NA,NA,NA,NA,NA,51.9,52.4,52.3,"12/10/2019"
"NCI DAC",0,7.9,1.3,0.1,0.8,0.3,0.1,4.3,0.4,0.1,0.1,0.1,NA,NA,NA,0.2,4.8,0.7,"12/10/2019"
"NEI",2.2,2.2,2.2,15.8,15.8,15.8,0,0,0,NA,NA,NA,NA,NA,NA,15.9,15.9,15.9,"12/10/2019"
"NHGRI",0,11.9,3.1,1.1,13,6,0,2.4,0.5,NA,NA,NA,NA,NA,NA,1.1,13,6.5,"12/10/2019"
"NHLBI",0,11.9,0.9,0.8,57,29.5,0,11.2,1.2,0,5.3,2.2,NA,NA,NA,0.8,62.5,31.2,"12/10/2019"
"NIAMS",1,1,1,2.1,2.1,2.1,NA,NA,NA,0.1,0.1,0.1,NA,NA,NA,2.2,2.2,2.2,"12/10/2019"
"NIDCR",4.4,4.4,4.4,0.3,0.3,0.3,NA,NA,NA,2,2,2,NA,NA,NA,2.4,2.4,2.4,"12/10/2019"
"NIDDK",0.8,11.9,8.2,6.4,24.5,18.5,0,0.9,0.3,NA,NA,NA,NA,NA,NA,7.2,24.5,18.8,"12/10/2019"
"NINDS",0,20,9.5,1,1.5,1.2,0.1,12.1,3.6,NA,NA,NA,NA,NA,NA,1.3,13,4.8,"12/10/2019"
"All DACs",0,20,2.9,0.1,57,16.3,0,23,5.3,0,5.3,2,NA,NA,NA,0.2,62.5,21,"12/10/2019"
"JAAMH",0,1,0.6,27.8,28.1,27.9,23,23,23,1.3,1.3,1.3,1.3,1.3,1.3,29.1,51.1,41.8,"12/11/2019"
"NCATS",10.4,10.4,10.4,NA,NA,NA,NA,NA,NA,NA,NA,NA,NA,NA,NA,NA,NA,NA,"12/11/2019"
"NCI DAC",0,53.8,6.5,0,4.7,3.1,0,4.3,0.8,0,4.3,1.8,0,0,0,0.2,8.1,4,"12/11/2019"
"NHGRI",0,53.8,7.5,5,5.5,5.1,0,3.3,0.4,0,0,0,NA,NA,NA,5,8.4,5.5,"12/11/2019"
"NHLBI",0,15,3.7,55.7,56.1,55.8,5.3,22,7.3,7,7,7,NA,NA,NA,61,78.1,63.1,"12/11/2019"
"NIDCR",10.4,10.4,10.4,0.2,0.2,0.2,0.9,0.9,0.9,NA,NA,NA,NA,NA,NA,1.1,1.1,1.1,"12/11/2019"
"NIGMS",4.8,4.8,4.8,9.3,9.3,9.3,10.1,10.1,10.1,NA,NA,NA,NA,NA,NA,19.4,19.4,19.4,"12/11/2019"
"NINDS",0,10.4,2.1,0.1,0.8,0.7,0.1,11.2,2.3,NA,NA,NA,NA,NA,NA,0.3,12,3,"12/11/2019"
"All DACs",0,53.8,5.3,0,56.1,17,0,23,4.1,0,7,2.3,0,1.3,0.9,0.2,78.1,20.9,"12/11/2019"
"JAAMH",0.1,37,9.1,26.8,27.1,27.1,42.9,43,42.9,2,2,2,NA,NA,NA,29.1,70,60.7,"12/12/2019"
"NCI DAC",0.1,10,2,3.1,6,3.5,0,1.3,0.2,0.1,0.1,0.1,NA,NA,NA,3.2,7.3,3.7,"12/12/2019"
"NHGRI",0.8,37,10.5,3.9,5.1,4.8,0,2.3,0.6,0,0,0,NA,NA,NA,4.9,6.2,5.2,"12/12/2019"
"NHLBI",0.3,31,4.1,18,55,31,0,13.1,2,7.2,7.2,7.2,NA,NA,NA,18,68.1,34.2,"12/12/2019"
"NIGMS",0.2,0.2,0.2,8,8,8,10.1,10.1,10.1,NA,NA,NA,NA,NA,NA,18.1,18.1,18.1,"12/12/2019"
"All DACs",0.1,37,4.8,3.1,55,15.5,0,43,10.8,0,7.2,3.5,NA,NA,NA,3.2,70,25.3,"12/12/2019"
"CDAC",0,0,0,3,3,3,0,0,0,NA,NA,NA,NA,NA,NA,3,3,3,"12/13/2019"
"JAAMH",0,17.9,9.8,25.9,26.1,26,42.9,43,42.9,NA,NA,NA,5.2,5.2,5.2,31.2,69.1,63.1,"12/13/2019"
"NCI DAC",0,18.3,3.8,1.8,2.6,2.3,0,0.1,0.1,0,0.1,0.1,NA,NA,NA,1.9,2.7,2.4,"12/13/2019"
"NEI",0,0,0,12.8,12.8,12.8,0,0,0,NA,NA,NA,NA,NA,NA,12.8,12.8,12.8,"12/13/2019"
"NHGRI",0,12.8,1.3,3.9,10.3,4.8,0,8,1.8,0,0,0,NA,NA,NA,3.9,18.3,5.9,"12/13/2019"
"NHLBI",0,17.9,2.5,51.8,53.8,52.2,9,9,9,0,7.2,1,NA,NA,NA,51.8,62.8,53.7,"12/13/2019"
"NIAMS",0,0,0,6.2,6.2,6.2,19,19,19,NA,NA,NA,NA,NA,NA,25.1,25.1,25.1,"12/13/2019"
"NICHD",0,0,0,3.8,3.8,3.8,0,0,0,NA,NA,NA,NA,NA,NA,3.8,3.8,3.8,"12/13/2019"
"NIDCR",0,0,0,9.8,9.8,9.8,17.9,17.9,17.9,NA,NA,NA,NA,NA,NA,27.7,27.7,27.7,"12/13/2019"
"NIGMS",0.1,0.1,0.1,7,7,7,10.1,10.1,10.1,NA,NA,NA,NA,NA,NA,17.1,17.1,17.1,"12/13/2019"
"NINDS",4,4,4,3.2,3.2,3.2,0,0,0,NA,NA,NA,2,2,2,3.2,5.2,3.5,"12/13/2019"
"All DACs",0,18.3,3.7,1.8,53.8,15.2,0,43,9.1,0,7.2,0.6,2,5.2,3.6,1.9,69.1,21.7,"12/13/2019"
"NICHD",1.1,1.1,1.1,3.2,3.2,3.2,27.1,27.1,27.1,NA,NA,NA,NA,NA,NA,30.2,30.2,30.2,"12/14/2019"
"All DACs",1.1,1.1,1.1,3.2,3.2,3.2,27.1,27.1,27.1,NA,NA,NA,NA,NA,NA,30.2,30.2,30.2,"12/14/2019"
"CDAC",5,5,5,1,1,1,0,0,0,NA,NA,NA,NA,NA,NA,1,1,1,"12/15/2019"
"JAAMH",0,5,3.6,23.6,23.9,23.8,42.9,43,42.9,NA,NA,NA,NA,NA,NA,66.5,66.8,66.7,"12/15/2019"
"NCI DAC",0,5,2.3,0,2.9,1.5,0,0,0,NA,NA,NA,NA,NA,NA,0,2.9,1.6,"12/15/2019"
"NEI",5,7.1,5.6,7.8,7.8,7.8,0,0,0,NA,NA,NA,NA,NA,NA,7.8,7.8,7.8,"12/15/2019"
"NHGRI",0,11.5,3.5,1.8,14.8,6.8,0,8,0.9,NA,NA,NA,NA,NA,NA,1.8,16,7.7,"12/15/2019"
"NHLBI",0,5,4.4,51.7,58.8,52.5,89.2,89.2,89.2,7.2,7.2,7.2,NA,NA,NA,58.9,140.9,110.1,"12/15/2019"
"NIAMS",0,0,0,3.7,3.7,3.7,19,19,19,NA,NA,NA,NA,NA,NA,22.6,22.6,22.6,"12/15/2019"
"NIDDK",0,5,3,18.9,50.7,31.6,0,32,12.8,NA,NA,NA,NA,NA,NA,19,51,44.5,"12/15/2019"
"NIGMS",2.2,2.2,2.2,5,5,5,10.1,10.1,10.1,NA,NA,NA,NA,NA,NA,15,15,15,"12/15/2019"
"NINDS",0,5,3.1,0.7,1,0.9,0,2,1.2,NA,NA,NA,NA,NA,NA,0.7,3,2.1,"12/15/2019"
"All DACs",0,11.5,3.3,0,58.8,14.4,0,89.2,16.7,7.2,7.2,7.2,NA,NA,NA,0,140.9,30.2,"12/15/2019"
"CDAC",6.7,6.7,6.7,0.3,0.3,0.3,0,0,0,NA,NA,NA,NA,NA,NA,0.3,0.3,0.3,"12/16/2019"
"JAAMH",0,17.3,2.6,22.8,23.1,23,43,43,43,NA,NA,NA,NA,NA,NA,65.8,66.1,66,"12/16/2019"
"NCI DAC",0,10,2.1,1.8,2.4,2,0,0.9,0.2,0,0,0,NA,NA,NA,1.9,3,2.2,"12/16/2019"
"NEI",0,10.9,5.5,9.8,9.9,9.9,0,0,0,NA,NA,NA,NA,NA,NA,9.8,10,9.9,"12/16/2019"
"NHGRI",0,83,7.3,0.2,7,2.4,0,8,1.5,0,3.3,1.4,NA,NA,NA,1.1,15,4.1,"12/16/2019"
"NHLBI",0,6.7,5.5,14,64.7,22.9,0,5.2,0.1,0,0,0,NA,NA,NA,14,69.9,22.9,"12/16/2019"
"NIAMS",0.2,3.1,2.1,2.9,16.9,7.6,19,19,19,32.9,32.9,32.9,NA,NA,NA,21.9,49.8,31.2,"12/16/2019"
"NIDDK",0,10.9,5.5,18,49.9,34,0,32,16,NA,NA,NA,NA,NA,NA,49.9,50,50,"12/16/2019"
"NINDS",6.7,8.4,7.1,0.2,0.7,0.3,0,7,1.8,NA,NA,NA,NA,NA,NA,0.2,7.2,2.1,"12/16/2019"
"All DACs",0,83,4.9,0.2,64.7,16.6,0,43,3.7,0,32.9,2.2,NA,NA,NA,0.2,69.9,20.2,"12/16/2019"
"JAAMH",0,0,0,22,22,22,NA,NA,NA,NA,NA,NA,5.2,5.2,5.2,27.3,27.3,27.3,"12/17/2019"
"Kids First DAC",28.8,28.8,28.8,1.1,1.1,1.1,0,1,0.9,NA,NA,NA,NA,NA,NA,1.2,2.2,2,"12/17/2019"
"NCI DAC",0,28.8,9.4,0.8,1.5,1.2,0,1.3,0.3,0,0,0,NA,NA,NA,0.8,2.5,1.5,"12/17/2019"
"NHGRI",0,28.8,18.5,2.2,6.2,5.6,0,11.2,9,8,8,8,NA,NA,NA,2.2,17.1,14.6,"12/17/2019"
"NHLBI",0,28.8,14.1,59.3,59.3,59.3,0,0,0,NA,NA,NA,NA,NA,NA,59.3,59.3,59.3,"12/17/2019"
"NIAID",0.7,0.7,0.7,17.2,17.2,17.2,NA,NA,NA,NA,NA,NA,0,0,0,17.2,17.2,17.2,"12/17/2019"
"NIAMS",0.7,0.7,0.7,16.2,16.2,16.2,NA,NA,NA,5,5,5,NA,NA,NA,21.3,21.3,21.3,"12/17/2019"
"NIDDK",0,0,0,NA,NA,NA,NA,NA,NA,NA,NA,NA,NA,NA,NA,NA,NA,NA,"12/17/2019"
"NINDS",28,28.8,28.4,0,1.2,0.6,0.8,6.2,3.5,NA,NA,NA,NA,NA,NA,2,6.2,4.1,"12/17/2019"
"All DACs",0,28.8,14.1,0,59.3,4,0,11.2,3.5,0,8,2,0,5.2,1.3,0.8,59.3,7.2,"12/17/2019"
"ES DAC",0.7,0.7,0.7,2,2,2,0.1,0.1,0.1,NA,NA,NA,NA,NA,NA,2.1,2.1,2.1,"12/18/2019"
"JAAMH",0,15.6,2.3,21,21.4,21.3,43,159.1,66.2,160,160,160,6,160.2,134.5,27,181.6,108.6,"12/18/2019"
"NCI DAC",0,8.8,1.6,0.6,1.5,1,0,0.2,0.1,0,0,0,NA,NA,NA,0.6,1.6,1.1,"12/18/2019"
"NHGRI",0,5.2,0.6,1.2,11.8,6.2,0,8,0.5,4.1,11.2,6.5,NA,NA,NA,1.2,15.9,7.7,"12/18/2019"
"NHLBI",0,16.1,12,0,58.1,7,0,47.3,10.1,0,47.3,32.7,NA,NA,NA,0,68.4,16,"12/18/2019"
"NIAMS",0.1,0.2,0.2,15.2,15.4,15.3,NA,NA,NA,5,5,5,5,5,5,20.2,20.4,20.3,"12/18/2019"
"NIGMS",0.7,0.7,0.7,2.2,2.2,2.2,10.1,10.1,10.1,NA,NA,NA,NA,NA,NA,12.2,12.2,12.2,"12/18/2019"
"All DACs",0,16.1,6.7,0,58.1,6.7,0,159.1,11.4,0,160,18.9,5,160.2,91.3,0,181.6,19.1,"12/18/2019"
"CDAC",0,0,0,10.8,15,12.9,0,0,0,NA,NA,NA,NA,NA,NA,10.8,15,12.9,"12/19/2019"
"JAAMH",0,2.8,0.9,19.8,20,19.9,43,43,43,NA,NA,NA,6.1,6.1,6.1,25.9,63,47.7,"12/19/2019"
"NCI DAC",0,21.7,1.9,0,14.9,2.3,0,0.2,0,0,0.1,0,NA,NA,NA,0,15,2.3,"12/19/2019"
"NHGRI",0,0.2,0.1,10.5,11.1,10.9,0,23.2,5.5,0,0,0,NA,NA,NA,10.8,34.2,15.4,"12/19/2019"
"NHLBI",0,0.1,0.1,53.8,57.2,54.4,0,0,0,0,0,0,NA,NA,NA,53.8,57.2,54.4,"12/19/2019"
"NIAMS",20,20,20,14.4,14.4,14.4,11.9,11.9,11.9,NA,NA,NA,NA,NA,NA,26.3,26.3,26.3,"12/19/2019"
"NIGMS",0.1,0.7,0.4,1,1.2,1.1,10.1,10.1,10.1,NA,NA,NA,10.1,10.1,10.1,11,11.2,11.1,"12/19/2019"
"NINDS",0.1,0.1,0.1,3.9,3.9,3.9,0,0,0,NA,NA,NA,NA,NA,NA,3.9,3.9,3.9,"12/19/2019"
"All DACs",0,21.7,1.2,0,57.2,16.1,0,43,10,0,0.1,0,6.1,10.1,6.6,0,63,23.3,"12/19/2019"
"CDAC",0.8,3.2,2.8,14.1,14.5,14.4,0,0,0,NA,NA,NA,NA,NA,NA,14.2,14.5,14.5,"12/20/2019"
"ES DAC",3.2,3.2,3.2,0.2,0.2,0.2,NA,NA,NA,NA,NA,NA,0.1,0.1,0.1,0.3,0.3,0.3,"12/20/2019"
"JAAMH",0.2,3.2,2.9,19,19.5,19.4,43,43,43,6.1,6.1,6.1,6.2,6.2,6.2,25.2,62.4,57.4,"12/20/2019"
"Kids First DAC",3.2,3.2,3.2,3.3,3.3,3.3,NA,NA,NA,0,0,0,NA,NA,NA,3.3,3.3,3.3,"12/20/2019"
"NCI DAC",0,28.2,3.2,0.1,3.3,2.8,0,2.1,0.2,0,0,0,NA,NA,NA,0.1,3.3,2.9,"12/20/2019"
"NHGRI",0,38.1,3.4,3.3,27.8,26.5,0,6.9,5.5,0,6.9,5.4,NA,NA,NA,3.3,34.6,32.1,"12/20/2019"
"NHLBI",0.7,11,1.9,9.7,61.2,25.3,0,0,0,0,0,0,NA,NA,NA,9.7,61.2,25.3,"12/20/2019"
"NICHD",0.1,3.2,2.8,2.8,3.3,3.2,21.1,21.1,21.1,0,0,0,NA,NA,NA,2.8,24.5,21.7,"12/20/2019"
"NIDCD DAC",3.2,3.2,3.2,NA,NA,NA,NA,NA,NA,NA,NA,NA,NA,NA,NA,NA,NA,NA,"12/20/2019"
"NIDCR",3.2,3.2,3.2,3.4,3.4,3.4,17.9,17.9,17.9,NA,NA,NA,NA,NA,NA,21.2,21.2,21.2,"12/20/2019"
"NIGMS",0.8,11.1,3.5,0.4,10,1,0.9,10.1,8.8,NA,NA,NA,10.1,10.1,10.1,10.5,10.8,10.5,"12/20/2019"
"NINDS",3.2,3.2,3.2,3.5,3.5,3.5,NA,NA,NA,11,11,11,NA,NA,NA,14.4,14.4,14.4,"12/20/2019"
"All DACs",0,38.1,3,0.1,61.2,16.2,0,43,10.2,0,11,1.7,0.1,10.1,8.3,0.1,62.4,23.2,"12/20/2019"
"NCI DAC",0,0,0,1.2,1.2,1.2,NA,NA,NA,0,0,0,NA,NA,NA,1.2,1.2,1.2,"12/21/2019"
"All DACs",0,0,0,1.2,1.2,1.2,NA,NA,NA,0,0,0,NA,NA,NA,1.2,1.2,1.2,"12/21/2019"
"JAAMH",0.7,0.7,0.7,16.9,16.9,16.9,43,43,43,NA,NA,NA,NA,NA,NA,59.8,59.8,59.8,"12/22/2019"
"NCI DAC",6,6,6,0.2,0.2,0.2,0.6,0.6,0.6,NA,NA,NA,NA,NA,NA,0.8,0.8,0.8,"12/22/2019"
"NHGRI",0.7,2.7,1.7,7.8,21.5,11.3,0,3.1,0.8,NA,NA,NA,NA,NA,NA,7.8,24.6,12.1,"12/22/2019"
"NHLBI",0.7,0.7,0.7,57.9,57.9,57.9,0,0,0,NA,NA,NA,NA,NA,NA,57.9,57.9,57.9,"12/22/2019"
"NIAMS",1.8,1.8,1.8,11.4,11.4,11.4,11.9,11.9,11.9,NA,NA,NA,NA,NA,NA,23.3,23.3,23.3,"12/22/2019"
"NIDDK",0.7,0.7,0.7,44,44,44,0,0,0,NA,NA,NA,NA,NA,NA,44,44,44,"12/22/2019"
"NINDS",2.7,2.7,2.7,0.7,0.7,0.7,0,0,0,11,11,11,NA,NA,NA,0.7,11.7,6.2,"12/22/2019"
"All DACs",0.7,6,1.6,0.2,57.9,24,0,43,9.6,11,11,11,NA,NA,NA,0.7,59.8,33.8,"12/22/2019"
"CDAC",3.1,20,11.6,11,11.1,11,0,0,0,NA,NA,NA,NA,NA,NA,11,11.2,11.1,"12/23/2019"
"ES DAC",20,20,20,17.9,17.9,17.9,0,0,0,NA,NA,NA,NA,NA,NA,17.9,17.9,17.9,"12/23/2019"
"JAAMH",3.1,20,16.4,15.9,16.3,15.9,43,43.1,43,NA,NA,NA,NA,NA,NA,58.8,59.3,58.9,"12/23/2019"
"NCATS",20,20,20,NA,NA,NA,NA,NA,NA,NA,NA,NA,NA,NA,NA,NA,NA,NA,"12/23/2019"
"NCI DAC",0,31,8.5,0,2.5,0.3,0,0.1,0,0,0,0,NA,NA,NA,0,2.5,0.4,"12/23/2019"
"NEI",5.8,25.9,15.5,2.8,52.9,16.2,7.2,21,13,NA,NA,NA,NA,NA,NA,10.8,60.1,29.2,"12/23/2019"
"NHGRI",0,20,14.1,7,24.5,8.4,0,16.8,0.5,0,0,0,NA,NA,NA,7,29.7,8.3,"12/23/2019"
"NHLBI",3.1,38,15.7,11,58.1,50.3,0,5.2,0.1,0,0,0,NA,NA,NA,11,63.3,50.4,"12/23/2019"
"NIAID",20,20,20,10.8,10.8,10.8,0,0,0,NA,NA,NA,NA,NA,NA,10.8,10.8,10.8,"12/23/2019"
"NIAMS",20,20,20,10,10,10,4.9,4.9,4.9,NA,NA,NA,NA,NA,NA,14.9,14.9,14.9,"12/23/2019"
"NICHD",5.8,20,12.9,0.2,14.8,7.5,0,21.1,10.6,NA,NA,NA,NA,NA,NA,14.8,21.3,18,"12/23/2019"
"NIDCR",20,20,20,9.7,9.7,9.7,8,8,8,NA,NA,NA,NA,NA,NA,17.7,17.7,17.7,"12/23/2019"
"NIDDK",20,20,20,43,43,43,0,0,0,NA,NA,NA,NA,NA,NA,43,43,43,"12/23/2019"
"NIGMS",3.1,20,14.4,7,7.1,7,0.9,0.9,0.9,0.9,0.9,0.9,0.9,0.9,0.9,7.8,8,7.9,"12/23/2019"
"NINDS",5.8,20,15.9,0.3,2.9,2.1,0,8,2.7,NA,NA,NA,NA,NA,NA,0.4,10.9,4.8,"12/23/2019"
"All DACs",0,38,15.7,0,58.1,25.1,0,43.1,14.8,0,0.9,0,0.9,0.9,0.9,0,63.3,37.1,"12/23/2019"
"JAAMH",31.9,31.9,31.9,15.1,15.1,15.1,42.9,42.9,42.9,NA,NA,NA,NA,NA,NA,58,58,58,"12/24/2019"
"NCI DAC",1,7.5,3.8,1.9,2,1.9,0,0.2,0.1,0,0,0,NA,NA,NA,2,2.2,2,"12/24/2019"
"NHGRI",3.8,7.5,5.7,6.9,20,13.4,0,3.1,1.6,NA,NA,NA,NA,NA,NA,6.9,23.1,15,"12/24/2019"
"NHLBI",88.8,88.8,88.8,50,50,50,NA,NA,NA,0,0,0,NA,NA,NA,50.1,50.1,50.1,"12/24/2019"
"NICHD",0.5,0.5,0.5,13.9,13.9,13.9,30,30,30,NA,NA,NA,NA,NA,NA,43.9,43.9,43.9,"12/24/2019"
"All DACs",0.5,88.8,39.1,1.9,50,24,0,42.9,6.2,0,0,0,NA,NA,NA,2,58,27.2,"12/24/2019"
"NCI DAC",0.5,16.8,9.8,0.5,0.7,0.6,0,0,0,NA,NA,NA,NA,NA,NA,0.6,0.7,0.6,"12/25/2019"
"NEI",5.7,5.7,5.7,9.1,9.1,9.1,21,21,21,NA,NA,NA,NA,NA,NA,30.1,30.1,30.1,"12/25/2019"
"NHGRI",5.7,12.2,6.7,5.8,19,16.8,0,3.1,2.6,NA,NA,NA,NA,NA,NA,5.8,22.1,19.4,"12/25/2019"
"NIDDK",5.7,5.7,5.7,41.2,41.2,41.2,10.9,10.9,10.9,NA,NA,NA,NA,NA,NA,52.1,52.1,52.1,"12/25/2019"
"All DACs",0.5,16.8,7.2,0.5,41.2,16.2,0,21,4.9,NA,NA,NA,NA,NA,NA,0.6,52.1,21.1,"12/25/2019"
"JAAMH",0.1,7.9,2.2,12.9,13.2,13,43,43,43,NA,NA,NA,7,7,7,19.9,56.2,38,"12/26/2019"
"NCI DAC",0,27.2,5.5,0,0.8,0.4,0,0,0,0,0,0,NA,NA,NA,0,0.8,0.4,"12/26/2019"
"NEI",4.1,4.1,4.1,50,50,50,7.2,7.2,7.2,NA,NA,NA,NA,NA,NA,57.2,57.2,57.2,"12/26/2019"
"NHGRI",0,23.2,7.8,4.9,5.3,5.1,0,0,0,NA,NA,NA,NA,NA,NA,4.9,5.3,5.1,"12/26/2019"
"NHLBI",4.9,4.9,4.9,54.3,54.3,54.3,0,0,0,NA,NA,NA,NA,NA,NA,54.3,54.3,54.3,"12/26/2019"
"All DACs",0,27.2,4.7,0,54.3,23.6,0,43,8.3,0,0,0,7,7,7,0,57.2,31.4,"12/26/2019"
"JAAMH",7,7,7,11.9,11.9,11.9,43.1,43.1,43.1,NA,NA,NA,NA,NA,NA,55,55,55,"12/27/2019"
"NCI DAC",0.8,7.7,4,0,2.9,1.9,0,0.3,0.2,NA,NA,NA,NA,NA,NA,0,3.2,2.1,"12/27/2019"
"NHGRI",4.1,4.1,4.1,4.5,4.5,4.5,0,0,0,NA,NA,NA,NA,NA,NA,4.5,4.5,4.5,"12/27/2019"
"All DACs",0.8,7.7,4.5,0,11.9,4.4,0,43.1,6.2,NA,NA,NA,NA,NA,NA,0,55,10.7,"12/27/2019"
"NCI DAC",0,0,0,2,2,2,0.2,0.2,0.2,NA,NA,NA,NA,NA,NA,2.2,2.2,2.2,"12/28/2019"
"All DACs",0,0,0,2,2,2,0.2,0.2,0.2,NA,NA,NA,NA,NA,NA,2.2,2.2,2.2,"12/28/2019"
"NCI DAC",0.1,0.1,0.1,1.1,1.1,1.1,NA,NA,NA,0,0,0,NA,NA,NA,1.1,1.1,1.1,"12/29/2019"
"All DACs",0.1,0.1,0.1,1.1,1.1,1.1,NA,NA,NA,0,0,0,NA,NA,NA,1.1,1.1,1.1,"12/29/2019"
"ES DAC",2.9,2.9,2.9,11.2,11.2,11.2,NA,NA,NA,NA,NA,NA,0,0,0,11.2,11.2,11.2,"12/30/2019"
"JAAMH",0.2,2.9,1.1,8.7,9.2,8.8,43.1,43.1,43.1,NA,NA,NA,NA,NA,NA,51.8,51.8,51.8,"12/30/2019"
"Kids First DAC",6.8,6.8,6.8,6.6,6.6,6.6,0.4,4,2.2,NA,NA,NA,NA,NA,NA,7,10.6,8.8,"12/30/2019"
"NCI DAC",0,27.1,4.2,0,6.4,0.2,0,0.2,0,0,4.1,1,NA,NA,NA,0,10.5,0.3,"12/30/2019"
"NHGRI",0,16,2.2,0.6,1.1,0.8,0,0,0,NA,NA,NA,NA,NA,NA,0.6,1.1,0.8,"12/30/2019"
"NHLBI",0.2,20,5,49.8,50,49.9,0,1,0.7,NA,NA,NA,NA,NA,NA,50,50.8,50.6,"12/30/2019"
"NIAID",2.9,2.9,2.9,4.1,4.1,4.1,0.1,0.1,0.1,NA,NA,NA,NA,NA,NA,4.2,4.2,4.2,"12/30/2019"
"NICHD",2.9,2.9,2.9,8,8,8,0,0,0,NA,NA,NA,NA,NA,NA,8,8,8,"12/30/2019"
"NIDDK",0.2,2.9,1.5,35.8,36.2,36,0,0,0,NA,NA,NA,NA,NA,NA,35.8,36.2,36,"12/30/2019"
"NIGMS",2.9,2.9,2.9,0.2,0.2,0.2,0.9,0.9,0.9,NA,NA,NA,NA,NA,NA,1.2,1.2,1.2,"12/30/2019"
"All DACs",0,27.1,3.9,0,50,12.7,0,43.1,1.3,0,4.1,1,0,0,0,0,51.8,14.1,"12/30/2019"
"JAAMH",3,13.7,8.4,7.7,8.2,7.9,43.1,43.1,43.1,NA,NA,NA,NA,NA,NA,50.8,51.2,51,"12/31/2019"
"NCI DAC",0,12.1,1.3,0.2,5.7,3,0,4.1,0.8,0,0,0,NA,NA,NA,0.2,9.8,3.7,"12/31/2019"
"NHGRI",0.7,13.7,8.3,0.2,16.8,4.3,6.9,16.2,13.1,0,0,0,NA,NA,NA,0.2,23.7,14.1,"12/31/2019"
"NHLBI",0,13.7,10.9,49.7,50.2,50.1,5.3,189.9,143.7,0,189.9,47.5,NA,NA,NA,55,240.1,203.1,"12/31/2019"
"All DACs",0,13.7,5.6,0.2,50.2,17.8,0,189.9,50.3,0,189.9,23.7,NA,NA,NA,0.2,240.1,70.4,"12/31/2019"
